,Crude Oil,Total Motor Gasoline,Fuel Ethanol,Kerosene-Type Jet Fuel,Distillate Fuel Oil,Residual Fuel Oil,Propane/Propylene,Other Oils,Unfinished Oils,Total Stocks (Including SPR),Total Stocks (Excluding SPR),SPR
2011-07-29 00:00:00-04:00,1074.736,215.179,18.901,44.992,152.254,36.197,49.354,215.807,84.428,1807.42,1087.659,719.761
2011-08-05 00:00:00-04:00,1067.017,213.591,18.153,44.382,151.517,36.715,49.595,215.714,85.285,1796.684,1079.417,717.267
2011-08-12 00:00:00-04:00,1065.336,210.081,17.582,44.269,153.966,37.397,50.382,216.303,85.725,1795.316,1083.963,711.3530000000001
2011-08-19 00:00:00-04:00,1058.321,211.436,18.243,43.346,155.697,38.068,52.045,217.333,85.369,1794.489,1087.938,706.5509999999999
2011-08-26 00:00:00-04:00,1058.876,208.641,17.893,43.82,156.06,38.435,53.59,216.794,83.703,1794.109,1092.284,701.8249999999998
2011-09-02 00:00:00-04:00,1050.027,208.84,17.082,43.915,156.769,37.631,53.561,217.067,82.241,1784.892,1087.953,696.9390000000001
2011-09-09 00:00:00-04:00,1042.323,210.78,17.156,43.817,158.48,35.589,54.745,216.381,80.551,1779.271,1083.332,695.9389999999999
2011-09-16 00:00:00-04:00,1034.987,214.075,17.088,45.063,157.606,35.295,55.359,214.546,80.373,1774.019,1078.08,695.9390000000001
2011-09-23 00:00:00-04:00,1036.916,214.866,17.358,45.581,157.678,33.75,56.226,212.77,80.397,1775.145,1079.192,695.953
2011-09-30 00:00:00-04:00,1032.237,213.729,17.342,46.435,156.934,33.551,57.473,212.812,81.816,1770.513,1074.56,695.953
2011-10-07 00:00:00-04:00,1033.584,209.595,16.875,46.829,154.005,33.556,57.893,216.779,83.572,1769.116,1073.16,695.9559999999999
2011-10-14 00:00:00-04:00,1028.85,206.271,17.053,46.452,149.739,33.095,58.929,217.8,84.454,1758.189,1062.238,695.951
2011-10-21 00:00:00-04:00,1033.585,204.918,17.291,46.525,145.464,33.934,59.111,218.061,85.088,1758.889,1062.938,695.9509999999998
2011-10-28 00:00:00-04:00,1035.411,206.274,17.2,45.759,141.889,36.264,60.263,217.635,86.439,1760.695,1064.744,695.951
2011-11-04 00:00:00-04:00,1034.041,204.167,16.43,44.643,135.869,36.148,60.192,213.862,86.704,1745.352,1049.401,695.951
2011-11-11 00:00:00-05:00,1032.984,205.159,17.111,42.724,133.733,36.861,59.62,208.458,84.068,1736.65,1040.7,695.95
2011-11-18 00:00:00-05:00,1026.766,209.634,17.451,42.394,132.963,37.163,59.385,206.996,83.132,1732.752,1036.801,695.951
2011-11-25 00:00:00-05:00,1030.698,209.847,17.046,42.057,138.489,37.567,59.771,204.938,82.524,1740.413,1044.462,695.951
2011-12-02 00:00:00-05:00,1032.034,214.994,17.934,42.151,141.022,38.611,59.678,203.507,80.429,1749.931,1053.98,695.951
2011-12-09 00:00:00-05:00,1030.102,218.818,17.058,41.95,141.502,40.057,59.183,203.265,79.164,1751.935,1055.984,695.951
2011-12-16 00:00:00-05:00,1019.532,218.406,17.663,41.457,139.149,38.66,56.887,202.012,79.001,1733.766,1037.815,695.951
2011-12-23 00:00:00-05:00,1023.431,217.714,17.674,41.155,140.354,39.05,56.178,201.311,77.93,1736.867,1040.916,695.951
2011-12-30 00:00:00-05:00,1025.64,220.193,17.945,41.41,143.578,36.398,55.176,199.928,77.001,1740.268,1044.317,695.951
2012-01-06 00:00:00-05:00,1030.598,223.803,18.773,41.52,147.563,35.755,54.285,197.409,76.697,1749.706,1053.755,695.9509999999998
2012-01-13 00:00:00-05:00,1027.16,227.52,19.535,42.302,148.001,34.437,53.224,195.464,76.811,1747.643,1051.692,695.951
2012-01-20 00:00:00-05:00,1030.718,227.13,19.805,41.384,145.545,33.049,50.752,194.985,77.599,1743.368,1047.417,695.951
2012-01-27 00:00:00-05:00,1034.893,230.147,20.945,42.202,145.41,33.575,48.989,195.615,78.36,1751.776,1055.825,695.951
2012-02-03 00:00:00-05:00,1035.197,231.776,21.063,41.925,146.584,34.895,46.677,197.475,80.007,1755.592,1059.641,695.951
2012-02-10 00:00:00-05:00,1035.026,232.176,21.493,42.086,143.717,32.269,46.439,198.416,79.761,1751.622,1055.671,695.951
2012-02-17 00:00:00-05:00,1036.659,231.527,21.54,43.237,143.509,34.024,44.884,199.494,81.511,1754.874,1058.923,695.951
2012-02-24 00:00:00-05:00,1040.819,229.927,22.002,42.528,141.44,34.082,43.9,200.714,83.723,1755.412,1059.461,695.951
2012-03-02 00:00:00-05:00,1041.651,229.531,22.07,40.761,139.496,34.188,43.498,202.8,83.702,1753.995,1058.044,695.9509999999998
2012-03-09 00:00:00-05:00,1043.401,228.121,22.043,40.945,134.814,35.247,42.187,202.794,83.317,1749.552,1053.601,695.9509999999998
2012-03-16 00:00:00-04:00,1042.239,226.907,22.713,40.845,136.577,34.856,42.73,204.229,82.84,1751.096,1055.145,695.951
2012-03-23 00:00:00-04:00,1049.341,223.37,22.628,41.225,135.866,34.469,43.709,206.808,82.618,1757.416,1061.465,695.951
2012-03-30 00:00:00-04:00,1058.35,221.913,22.553,40.23,135.885,35.501,44.783,210.567,83.965,1769.782,1073.831,695.951
2012-04-06 00:00:00-04:00,1061.141,217.636,21.772,39.282,131.885,34.849,45.442,213.847,84.569,1765.854,1069.903,695.951
2012-04-13 00:00:00-04:00,1064.997,213.965,21.968,39.226,128.977,33.528,46.332,214.636,84.729,1763.629,1067.678,695.9509999999998
2012-04-20 00:00:00-04:00,1068.975,211.73,21.852,39.551,125.925,33.352,47.44,214.785,82.402,1763.61,1067.659,695.9509999999998
2012-04-27 00:00:00-04:00,1071.815,209.721,22.222,39.707,124.022,32.59,48.507,216.932,83.555,1765.516,1069.565,695.951
2012-05-04 00:00:00-04:00,1075.467,207.108,21.374,39.346,120.771,32.418,51.023,219.543,83.59,1767.05,1071.099,695.951
2012-05-11 00:00:00-04:00,1077.595,204.311,20.63,38.39,119.802,32.706,52.725,223.763,85.376,1769.922,1073.971,695.951
2012-05-18 00:00:00-04:00,1078.478,201.012,21.398,38.28,119.493,31.989,53.998,226.331,85.008,1770.979,1075.028,695.951
2012-05-25 00:00:00-04:00,1080.691,200.179,21.508,38.813,117.784,31.669,55.647,230.184,85.569,1776.475,1080.524,695.951
2012-06-01 00:00:00-04:00,1080.58,203.525,21.188,39.837,120.037,31.022,57.915,229.156,84.198,1783.26,1087.309,695.951
2012-06-08 00:00:00-04:00,1080.389,201.801,20.666,39.202,119.974,32.696,58.241,231.447,83.813,1784.416,1088.465,695.951
2012-06-15 00:00:00-04:00,1083.25,202.744,21.185,39.204,121.13,34.215,59.556,234.213,84.269,1795.497,1099.546,695.951
2012-06-22 00:00:00-04:00,1083.117,204.822,20.757,38.628,118.851,34.884,61.376,235.659,84.25,1798.094,1102.143,695.951
2012-06-29 00:00:00-04:00,1078.847,204.973,20.293,37.818,117.8,34.991,62.233,237.064,83.799,1794.019,1098.068,695.951
2012-07-06 00:00:00-04:00,1074.151,207.725,19.532,38.858,120.912,35.531,63.183,237.081,82.299,1796.973,1101.022,695.951
2012-07-13 00:00:00-04:00,1073.342,205.91,19.556,38.176,123.531,35.723,64.745,237.42,81.027,1798.403,1102.452,695.951
2012-07-20 00:00:00-04:00,1076.059,210.044,19.005,39.542,125.239,35.494,66.018,237.132,79.924,1808.533,1112.582,695.9509999999998
2012-07-27 00:00:00-04:00,1069.536,207.87,19.401,40.612,124.265,34.07,67.463,238.092,79.43,1801.309,1105.359,695.95
2012-08-03 00:00:00-04:00,1065.807,206.069,18.651,40.259,123.541,35.21,68.056,242.672,80.706,1800.265,1104.315,695.95
2012-08-10 00:00:00-04:00,1062.108,203.698,18.447,40.89,124.218,34.417,69.027,242.878,80.555,1795.683,1099.733,695.95
2012-08-17 00:00:00-04:00,1056.696,202.736,18.493,41.84,125.21,34.511,70.942,242.25,79.761,1792.678,1096.728,695.95
2012-08-24 00:00:00-04:00,1060.474,201.227,18.494,43.158,126.083,33.709,71.658,242.537,79.904,1797.34,1101.39,695.9499999999998
2012-08-31 00:00:00-04:00,1053.048,198.893,18.732,43.031,127.076,33.128,72.496,241.324,78.061,1787.728,1091.778,695.95
2012-09-07 00:00:00-04:00,1054.042,197.716,18.953,42.052,128.552,33.632,72.695,242.441,78.961,1790.083,1095.133,694.95
2012-09-14 00:00:00-04:00,1062.578,196.309,19.325,43.389,128.23,33.226,74.017,244.413,81.261,1801.487,1106.535,694.952
2012-09-21 00:00:00-04:00,1060.132,195.828,19.259,43.972,127.748,35.128,74.29,242.463,81.933,1798.82,1103.868,694.952
2012-09-28 00:00:00-04:00,1059.65,195.942,18.808,44.38,124.059,35.111,75.584,242.855,83.295,1796.389,1101.437,694.952
2012-10-05 00:00:00-04:00,1061.322,195.408,19.256,44.126,120.882,34.044,75.896,241.089,84.097,1792.023,1097.071,694.952
2012-10-12 00:00:00-04:00,1064.182,197.128,18.989,42.974,118.664,34.107,74.628,238.677,83.928,1789.349,1094.397,694.952
2012-10-19 00:00:00-04:00,1070.078,198.567,18.766,42.851,118.018,35.044,74.475,235.52,83.447,1793.319,1098.367,694.952
2012-10-26 00:00:00-04:00,1068.033,199.502,19.215,44.52,117.925,36.146,73.947,233.928,83.117,1793.216,1098.264,694.952
2012-11-02 00:00:00-04:00,1069.799,202.377,18.136,43.444,118.056,37.675,73.62,230.827,83.428,1793.934,1098.982,694.952
2012-11-09 00:00:00-05:00,1070.888,201.937,17.851,42.398,115.517,37.815,73.183,229.617,82.941,1789.206,1094.254,694.952
2012-11-16 00:00:00-05:00,1069.422,200.39,18.927,42.479,112.842,35.828,72.666,230.442,83.527,1782.996,1088.044,694.952
2012-11-23 00:00:00-05:00,1069.075,204.255,18.347,41.087,112.042,36.444,72.847,227.472,82.702,1781.569,1086.617,694.952
2012-11-30 00:00:00-05:00,1066.718,212.115,19.341,40.144,115.069,38.448,72.51,223.156,80.596,1787.501,1092.549,694.952
2012-12-07 00:00:00-05:00,1067.561,217.115,20.028,39.879,118.055,37.469,71.183,222.127,80.617,1793.417,1098.465,694.952
2012-12-14 00:00:00-05:00,1066.597,219.322,20.838,39.305,116.97,37.073,69.223,222.144,82.536,1791.472,1096.52,694.952
2012-12-21 00:00:00-05:00,1066.011,223.104,20.315,38.622,119.393,36.832,68.85,221.347,82.321,1794.474,1099.522,694.952
2012-12-28 00:00:00-05:00,1054.891,225.673,20.213,39.187,123.967,36.423,66.67,217.427,81.592,1784.451,1089.499,694.952
2013-01-04 00:00:00-05:00,1056.205,233.085,19.854,39.63,130.744,35.566,65.572,214.741,81.846,1795.397,1100.445,694.952
2013-01-11 00:00:00-05:00,1055.569,234.995,20.361,40.439,132.43,36.204,63.956,215.194,82.002,1799.148,1103.881,695.2669999999998
2013-01-18 00:00:00-05:00,1058.382,233.257,20.083,39.802,132.938,34.908,60.883,216.258,84.053,1796.511,1101.244,695.267
2013-01-25 00:00:00-05:00,1064.522,232.301,20.54,39.818,130.623,34.292,57.433,219.148,87.508,1798.677,1103.217,695.4599999999998
2013-02-01 00:00:00-05:00,1067.492,234.039,20.098,39.068,129.581,34.417,54.869,219.545,88.669,1799.109,1103.302,695.807
2013-02-08 00:00:00-05:00,1068.214,233.236,19.5,38.786,125.904,35.104,52.411,218.753,88.825,1791.908,1095.939,695.9689999999998
2013-02-15 00:00:00-05:00,1072.357,230.352,19.495,39.508,123.627,35.589,51.076,218.655,89.608,1790.659,1094.69,695.969
2013-02-22 00:00:00-05:00,1073.487,228.495,19.374,39.789,124.184,35.645,47.854,215.936,88.751,1784.764,1088.795,695.9689999999998
2013-03-01 00:00:00-05:00,1077.32,227.879,19.351,39.747,120.354,36.055,45.672,215.96,88.065,1782.338,1086.369,695.969
2013-03-08 00:00:00-05:00,1079.944,224.308,18.688,38.528,120.437,35.641,43.0,216.21,88.643,1776.756,1080.787,695.969
2013-03-15 00:00:00-04:00,1078.63,222.832,18.465,37.958,119.765,37.584,41.759,218.307,90.116,1775.3,1079.331,695.969
2013-03-22 00:00:00-04:00,1081.886,221.236,17.441,38.634,115.252,37.228,40.847,220.865,92.231,1773.389,1077.42,695.9689999999998
2013-03-29 00:00:00-04:00,1084.593,220.664,17.481,39.442,112.986,35.817,39.737,222.558,90.641,1773.278,1077.309,695.969
2013-04-05 00:00:00-04:00,1084.843,222.363,17.788,39.73,112.817,37.125,40.025,224.441,92.322,1779.132,1083.163,695.969
2013-04-12 00:00:00-04:00,1083.61,221.73,17.507,40.975,115.181,37.788,39.026,225.943,93.204,1781.76,1085.791,695.969
2013-04-19 00:00:00-04:00,1084.557,217.802,17.592,39.887,115.278,37.759,38.964,227.981,92.053,1779.82,1083.851,695.9689999999998
2013-04-26 00:00:00-04:00,1091.253,215.984,17.036,39.983,115.752,38.493,40.476,233.198,94.051,1792.175,1096.206,695.969
2013-05-03 00:00:00-04:00,1091.483,215.074,16.847,40.31,117.564,39.198,40.997,234.172,93.283,1795.645,1099.676,695.969
2013-05-10 00:00:00-04:00,1090.859,217.662,16.429,39.079,119.864,37.985,41.797,234.622,93.314,1798.297,1102.328,695.969
2013-05-17 00:00:00-04:00,1090.521,220.677,16.182,38.584,118.812,36.88,43.974,236.895,90.717,1802.525,1106.556,695.969
2013-05-24 00:00:00-04:00,1093.521,219.163,16.047,38.718,120.663,37.719,45.137,241.306,91.37,1812.274,1116.305,695.9689999999998
2013-05-31 00:00:00-04:00,1087.254,218.797,16.411,39.129,123.274,36.982,47.036,242.215,88.738,1811.098,1115.129,695.969
2013-06-07 00:00:00-04:00,1089.777,221.545,15.992,40.804,122.111,37.5,50.34,245.835,90.255,1823.904,1127.935,695.969
2013-06-14 00:00:00-04:00,1090.09,221.728,16.45,39.891,121.622,37.646,53.12,250.119,90.058,1830.666,1134.697,695.969
2013-06-21 00:00:00-04:00,1090.108,225.381,16.293,40.26,123.189,39.279,54.849,250.623,89.822,1839.982,1144.013,695.969
2013-06-28 00:00:00-04:00,1079.761,223.662,15.445,39.83,120.771,37.973,56.353,251.522,89.963,1825.317,1129.348,695.969
2013-07-05 00:00:00-04:00,1069.887,221.028,15.719,39.268,123.809,37.075,57.374,253.921,89.443,1818.081,1122.112,695.9689999999998
2013-07-12 00:00:00-04:00,1062.985,224.083,16.578,38.709,127.679,37.34,57.966,252.531,87.776,1817.871,1121.902,695.969
2013-07-19 00:00:00-04:00,1060.16,222.694,17.257,38.126,126.452,38.022,59.418,253.46,86.332,1815.589,1119.62,695.969
2013-07-26 00:00:00-04:00,1060.591,223.464,16.453,37.887,125.986,37.252,61.296,254.276,85.979,1817.205,1121.236,695.9689999999998
2013-08-02 00:00:00-04:00,1059.271,223.599,16.716,38.46,126.455,37.414,61.826,254.217,85.527,1817.958,1121.989,695.969
2013-08-09 00:00:00-04:00,1056.459,222.43,16.425,38.033,128.482,37.472,61.851,254.951,85.301,1816.103,1120.134,695.969
2013-08-16 00:00:00-04:00,1055.031,218.401,16.482,37.359,129.353,36.984,61.892,257.781,87.041,1813.283,1117.314,695.9689999999998
2013-08-23 00:00:00-04:00,1058.017,217.814,16.25,37.694,129.037,35.585,62.072,258.981,84.969,1815.45,1119.481,695.969
2013-08-30 00:00:00-04:00,1056.181,215.987,16.216,39.577,129.586,36.217,64.614,258.837,84.273,1817.215,1121.246,695.9689999999998
2013-09-06 00:00:00-04:00,1055.962,217.645,16.269,39.058,132.172,33.858,64.498,261.84,85.001,1821.302,1125.333,695.9689999999998
2013-09-13 00:00:00-04:00,1051.594,216.018,16.178,39.678,131.093,33.628,64.439,262.597,85.294,1815.225,1119.256,695.9689999999998
2013-09-20 00:00:00-04:00,1054.229,216.235,15.613,40.505,130.859,33.817,65.455,259.993,84.331,1816.706,1120.737,695.9689999999998
2013-09-27 00:00:00-04:00,1059.701,219.73,15.509,39.798,129.179,34.2,67.025,256.596,83.45,1821.738,1125.769,695.969
2013-10-04 00:00:00-04:00,1066.508,219.879,15.39,40.865,126.038,34.336,66.477,253.962,82.779,1823.455,1127.486,695.9689999999998
2013-10-11 00:00:00-04:00,1070.507,217.309,15.419,40.559,124.237,34.441,66.503,254.369,84.406,1823.344,1127.375,695.969
2013-10-18 00:00:00-04:00,1075.753,215.504,15.499,40.72,125.774,34.052,65.97,253.771,85.642,1827.043,1131.074,695.9689999999998
2013-10-25 00:00:00-04:00,1079.84,213.791,14.961,38.508,122.716,34.449,64.797,252.19,86.215,1821.252,1125.283,695.969
2013-11-01 00:00:00-04:00,1081.417,210.036,15.165,39.479,117.817,34.307,62.068,252.566,87.887,1812.855,1116.886,695.969
2013-11-08 00:00:00-05:00,1084.057,209.198,15.153,38.253,117.336,34.668,60.813,247.452,86.8,1806.93,1110.961,695.969
2013-11-15 00:00:00-05:00,1084.432,208.853,15.083,37.268,112.541,35.737,58.372,242.91,85.897,1795.196,1099.227,695.9689999999998
2013-11-22 00:00:00-05:00,1087.385,210.604,15.022,35.982,110.875,34.797,56.94,241.952,86.977,1793.557,1097.588,695.969
2013-11-29 00:00:00-05:00,1081.8,212.432,15.124,36.321,113.524,34.803,54.275,238.191,86.797,1786.47,1090.501,695.969
2013-12-06 00:00:00-05:00,1071.215,219.149,15.448,36.587,118.065,34.827,52.617,233.839,85.489,1781.747,1085.778,695.969
2013-12-13 00:00:00-05:00,1068.274,220.486,15.625,37.026,115.955,35.212,49.958,226.614,82.918,1769.15,1073.181,695.969
2013-12-20 00:00:00-05:00,1063.543,219.872,15.66,36.238,114.105,36.706,47.442,222.878,82.593,1756.444,1060.475,695.969
2013-12-27 00:00:00-05:00,1056.536,220.716,15.582,36.803,119.147,37.016,45.901,218.125,80.105,1749.826,1053.857,695.969
2014-01-03 00:00:00-05:00,1053.861,226.959,16.138,37.421,124.973,37.65,42.433,213.464,78.496,1752.899,1056.93,695.9689999999998
2014-01-10 00:00:00-05:00,1046.203,233.142,16.078,37.123,123.95,37.77,38.654,209.719,78.304,1742.639,1046.67,695.9689999999998
2014-01-17 00:00:00-05:00,1047.193,235.265,17.018,38.047,120.738,36.961,35.263,208.195,79.583,1738.68,1042.711,695.969
2014-01-24 00:00:00-05:00,1053.614,234.446,16.932,37.531,116.154,38.022,31.674,206.538,80.559,1734.911,1038.942,695.969
2014-01-31 00:00:00-05:00,1054.054,234.951,16.739,36.167,113.794,37.87,30.842,205.181,81.986,1729.598,1033.629,695.969
2014-02-07 00:00:00-05:00,1057.321,233.098,17.062,37.028,113.063,37.701,27.901,208.472,85.769,1731.646,1035.677,695.969
2014-02-14 00:00:00-05:00,1058.294,233.407,17.203,37.645,112.724,36.757,26.715,206.401,86.341,1729.146,1033.177,695.969
2014-02-21 00:00:00-05:00,1058.362,230.6,17.024,38.583,113.062,37.107,26.676,207.234,87.866,1728.648,1032.679,695.9689999999998
2014-02-28 00:00:00-05:00,1059.791,228.996,16.611,37.934,114.476,36.911,27.155,208.956,88.933,1730.83,1034.861,695.9689999999998
2014-03-07 00:00:00-05:00,1065.971,223.766,15.908,37.025,113.943,37.414,26.059,209.175,89.964,1729.261,1033.292,695.969
2014-03-14 00:00:00-04:00,1071.821,222.299,15.277,36.23,110.846,37.326,26.241,208.709,90.058,1728.749,1032.78,695.969
2014-03-21 00:00:00-04:00,1078.44,217.198,15.653,36.547,112.401,37.29,25.658,211.02,90.128,1734.207,1038.238,695.969
2014-03-28 00:00:00-04:00,1076.061,215.624,15.875,35.62,112.955,36.486,26.568,213.747,91.541,1732.936,1036.967,695.9689999999998
2014-04-04 00:00:00-04:00,1079.851,210.436,16.407,36.641,113.194,37.037,27.584,217.037,90.801,1738.187,1042.458,695.7289999999998
2014-04-11 00:00:00-04:00,1089.241,210.282,15.952,38.198,111.916,37.537,28.357,220.542,91.344,1752.025,1056.919,695.106
2014-04-18 00:00:00-04:00,1092.227,210.008,16.518,38.973,112.513,38.393,29.527,225.35,93.815,1763.509,1068.941,694.568
2014-04-25 00:00:00-04:00,1092.97,211.572,17.212,37.737,114.449,36.723,31.537,228.266,93.06,1770.466,1076.853,693.6129999999998
2014-05-02 00:00:00-04:00,1090.44,213.18,17.14,39.064,114.002,35.79,35.249,232.063,93.631,1776.928,1084.064,692.864
2014-05-09 00:00:00-04:00,1090.043,212.408,17.302,39.475,112.878,35.927,37.725,233.274,91.477,1779.032,1087.512,691.52
2014-05-16 00:00:00-04:00,1082.268,213.378,16.99,38.883,116.277,36.869,39.911,235.984,92.601,1780.56,1089.589,690.971
2014-05-23 00:00:00-04:00,1083.925,211.575,17.489,38.731,116.081,37.544,42.089,236.321,91.349,1783.755,1092.784,690.971
2014-05-30 00:00:00-04:00,1080.494,211.785,18.25,39.087,118.093,38.339,45.775,240.727,90.539,1792.55,1101.579,690.971
2014-06-06 00:00:00-04:00,1077.898,213.482,18.422,39.388,118.953,37.591,49.214,243.787,91.133,1798.735,1107.764,690.971
2014-06-13 00:00:00-04:00,1077.32,214.267,17.85,38.728,119.389,38.76,51.241,247.224,89.053,1804.779,1113.807,690.972
2014-06-20 00:00:00-04:00,1079.062,214.977,18.183,37.799,120.566,38.539,53.671,247.155,88.015,1809.952,1118.98,690.972
2014-06-27 00:00:00-04:00,1075.907,213.742,18.204,37.05,121.541,37.022,56.24,249.806,87.153,1809.512,1118.54,690.972
2014-07-04 00:00:00-04:00,1073.537,214.321,18.286,35.559,121.768,36.509,60.073,254.028,88.139,1814.081,1123.109,690.972
2014-07-11 00:00:00-04:00,1066.012,214.492,17.945,36.153,124.296,36.39,63.288,256.731,87.387,1815.307,1124.335,690.972
2014-07-18 00:00:00-04:00,1062.043,217.871,17.94,37.303,125.932,36.165,65.451,257.839,86.055,1820.544,1129.572,690.9720000000002
2014-07-25 00:00:00-04:00,1058.346,218.236,18.587,35.271,126.721,36.095,67.201,259.594,86.041,1820.051,1129.079,690.972
2014-08-01 00:00:00-04:00,1056.59,213.849,18.26,34.205,124.923,35.133,68.48,260.211,86.278,1811.651,1120.679,690.972
2014-08-08 00:00:00-04:00,1057.991,212.689,17.76,34.67,122.502,34.595,70.3,262.663,87.163,1813.17,1122.198,690.972
2014-08-15 00:00:00-04:00,1053.517,213.274,18.251,35.561,121.542,35.486,72.83,262.027,86.493,1812.488,1121.516,690.972
2014-08-22 00:00:00-04:00,1051.447,212.314,17.317,34.719,122.794,36.248,74.709,264.362,86.219,1813.91,1122.938,690.972
2014-08-29 00:00:00-04:00,1050.542,209.992,17.673,34.636,123.399,36.541,76.124,266.48,85.98,1815.387,1124.415,690.972
2014-09-05 00:00:00-04:00,1049.57,212.373,18.021,36.605,127.493,37.699,76.046,267.053,85.43,1824.86,1133.888,690.972
2014-09-12 00:00:00-04:00,1053.243,210.738,18.805,38.596,127.772,36.463,77.438,266.707,85.406,1829.762,1138.79,690.972
2014-09-19 00:00:00-04:00,1048.97,210.324,18.592,40.332,128.595,36.756,79.117,268.0,86.243,1830.686,1139.714,690.972
2014-09-26 00:00:00-04:00,1047.605,208.488,18.828,40.525,125.701,36.513,79.56,267.647,87.592,1824.867,1133.897,690.97
2014-10-03 00:00:00-04:00,1052.619,209.668,18.651,40.693,126.14,35.833,80.645,264.424,84.56,1828.673,1137.704,690.969
2014-10-10 00:00:00-04:00,1061.541,205.673,18.356,40.499,124.622,34.98,81.376,262.67,84.811,1829.717,1138.749,690.9680000000001
2014-10-17 00:00:00-04:00,1068.652,204.374,17.94,39.934,125.671,34.878,81.612,261.048,85.327,1834.109,1143.141,690.9679999999998
2014-10-24 00:00:00-04:00,1070.712,203.138,17.039,37.651,120.377,35.536,80.271,260.914,86.878,1825.638,1134.671,690.9669999999999
2014-10-31 00:00:00-04:00,1071.172,201.76,17.169,37.059,119.653,36.443,80.127,259.826,87.893,1823.209,1132.242,690.9670000000001
2014-11-07 00:00:00-05:00,1069.436,203.565,17.705,36.153,116.85,37.566,81.053,255.649,86.02,1817.977,1127.011,690.9660000000001
2014-11-14 00:00:00-05:00,1072.044,204.599,17.335,35.941,114.794,38.338,81.152,253.81,87.25,1818.013,1127.047,690.9659999999999
2014-11-21 00:00:00-05:00,1073.99,206.424,17.072,35.615,113.146,38.613,79.201,249.276,86.303,1813.337,1122.371,690.9659999999999
2014-11-28 00:00:00-05:00,1070.3,208.567,17.289,35.692,116.174,37.55,79.416,247.211,85.022,1812.199,1121.234,690.9650000000001
2014-12-05 00:00:00-05:00,1071.752,216.764,17.75,36.24,121.751,35.245,79.159,240.983,82.439,1819.644,1128.681,690.963
2014-12-12 00:00:00-05:00,1070.905,222.014,17.659,36.336,121.544,35.262,78.388,238.721,83.588,1820.829,1129.866,690.963
2014-12-19 00:00:00-05:00,1078.172,226.097,17.615,35.873,123.847,35.007,77.84,232.812,81.084,1827.263,1136.3,690.963
2014-12-26 00:00:00-05:00,1076.418,229.048,18.094,36.99,125.721,34.541,77.244,232.031,81.373,1830.087,1139.124,690.963
2015-01-02 00:00:00-05:00,1073.354,237.163,18.845,37.779,136.926,33.055,75.65,227.222,78.39,1839.994,1149.033,690.961
2015-01-09 00:00:00-05:00,1078.741,240.334,20.229,37.886,139.851,32.318,74.853,225.994,80.982,1850.206,1159.247,690.9589999999998
2015-01-16 00:00:00-05:00,1088.811,240.922,20.387,36.773,136.579,32.177,71.246,225.708,81.945,1852.603,1161.645,690.9580000000001
2015-01-23 00:00:00-05:00,1097.684,238.335,20.631,36.596,132.687,32.419,69.308,226.963,83.61,1854.623,1163.666,690.9570000000001
2015-01-30 00:00:00-05:00,1104.017,240.67,20.986,37.94,134.475,32.763,67.237,228.667,86.042,1866.755,1175.798,690.9570000000001
2015-02-06 00:00:00-05:00,1108.884,242.647,21.135,38.773,131.223,34.025,64.955,227.291,85.898,1868.933,1177.977,690.9559999999999
2015-02-13 00:00:00-05:00,1116.599,243.132,21.084,39.434,127.409,34.163,61.465,224.867,86.273,1868.153,1177.198,690.9549999999999
2015-02-20 00:00:00-05:00,1125.026,240.014,21.594,39.749,124.698,35.235,59.238,225.081,87.392,1870.635,1179.68,690.9549999999999
2015-02-27 00:00:00-05:00,1135.329,240.06,21.528,39.13,122.976,36.89,55.07,221.977,86.728,1872.96,1182.005,690.9549999999999
2015-03-06 00:00:00-05:00,1139.839,239.873,21.173,37.534,125.503,36.794,53.744,220.997,85.081,1875.457,1184.504,690.9530000000002
2015-03-13 00:00:00-04:00,1149.461,235.4,20.82,38.24,125.883,37.495,54.284,220.942,83.878,1882.525,1191.572,690.9530000000002
2015-03-20 00:00:00-04:00,1157.63,233.386,21.317,37.936,125.849,38.892,55.003,223.07,84.202,1893.083,1202.131,690.952
2015-03-27 00:00:00-04:00,1162.396,229.128,20.547,36.706,127.174,38.673,57.36,224.345,84.119,1896.329,1205.377,690.952
2015-04-03 00:00:00-04:00,1173.345,229.945,20.483,36.893,126.924,37.556,57.959,227.194,84.534,1910.299,1219.347,690.952
2015-04-10 00:00:00-04:00,1174.637,227.873,20.645,37.25,128.941,38.358,60.017,229.823,84.953,1917.544,1226.594,690.95
2015-04-17 00:00:00-04:00,1179.952,225.738,21.342,36.326,129.336,38.731,62.044,233.258,85.61,1926.727,1235.777,690.95
2015-04-24 00:00:00-04:00,1181.86,227.451,20.797,36.833,129.27,37.483,64.667,236.067,85.533,1934.428,1243.48,690.9480000000001
2015-05-01 00:00:00-04:00,1177.978,227.852,20.762,36.52,130.773,38.781,66.516,241.872,85.506,1941.054,1250.106,690.9480000000001
2015-05-08 00:00:00-04:00,1175.786,226.71,20.299,37.12,128.27,39.112,68.459,239.763,82.89,1935.519,1244.572,690.9470000000001
2015-05-15 00:00:00-04:00,1173.425,223.936,20.434,37.11,127.724,40.236,71.042,239.838,81.777,1933.745,1242.485,691.26
2015-05-22 00:00:00-04:00,1171.21,220.627,20.097,38.453,128.839,40.324,73.218,243.735,83.616,1936.503,1244.656,691.847
2015-05-29 00:00:00-04:00,1169.761,220.293,20.068,38.444,132.612,41.036,77.046,245.096,83.252,1944.356,1252.01,692.346
2015-06-05 00:00:00-04:00,1162.948,217.354,20.246,39.388,133.477,40.795,78.795,250.739,85.001,1943.742,1251.397,692.345
2015-06-12 00:00:00-04:00,1160.871,217.814,20.718,40.505,133.591,40.285,80.66,252.634,84.713,1947.078,1254.134,692.944
2015-06-19 00:00:00-04:00,1156.287,218.494,19.84,39.731,135.428,39.816,81.968,249.181,83.603,1940.745,1247.451,693.2939999999999
2015-06-26 00:00:00-04:00,1159.071,216.737,19.532,41.383,135.82,40.086,83.547,255.256,85.782,1951.432,1257.74,693.692
2015-07-03 00:00:00-04:00,1159.986,217.952,19.841,42.621,137.461,40.554,85.724,258.38,86.587,1962.519,1268.296,694.223
2015-07-10 00:00:00-04:00,1156.039,218.01,19.74,43.509,141.28,40.194,87.382,259.558,88.692,1965.712,1271.09,694.6220000000001
2015-07-17 00:00:00-04:00,1159.02,216.285,19.559,44.108,141.515,39.265,87.69,261.671,88.962,1969.113,1273.978,695.135
2015-07-24 00:00:00-04:00,1154.816,215.922,19.648,44.017,144.103,40.057,89.446,261.232,88.861,1969.241,1274.107,695.134
2015-07-31 00:00:00-04:00,1150.409,216.733,19.239,43.389,144.812,39.454,90.378,264.559,88.322,1968.973,1273.839,695.134
2015-08-07 00:00:00-04:00,1148.727,215.482,18.529,43.288,147.806,39.776,92.792,268.195,90.181,1974.595,1279.461,695.134
2015-08-14 00:00:00-04:00,1151.346,212.774,18.561,42.321,148.4,39.155,93.866,268.971,89.561,1975.394,1280.261,695.133
2015-08-21 00:00:00-04:00,1145.894,214.434,18.628,41.694,149.836,39.719,95.724,272.405,90.228,1978.334,1283.201,695.133
2015-08-28 00:00:00-04:00,1150.561,214.163,19.002,42.546,149.951,40.161,96.344,271.314,89.08,1984.042,1288.909,695.1329999999998
2015-09-04 00:00:00-04:00,1153.128,214.547,18.642,42.715,150.903,38.612,96.556,272.119,87.897,1987.222,1292.092,695.1299999999999
2015-09-11 00:00:00-04:00,1151.024,217.387,18.291,41.077,153.963,38.988,97.693,277.32,90.03,1995.743,1300.613,695.1299999999999
2015-09-18 00:00:00-04:00,1149.099,218.756,18.9,41.411,151.875,39.471,97.076,276.22,89.689,1992.808,1297.678,695.1299999999999
2015-09-25 00:00:00-04:00,1153.052,222.01,18.782,40.096,151.608,39.811,98.741,272.359,88.31,1996.459,1301.331,695.1280000000002
2015-10-02 00:00:00-04:00,1156.125,223.92,18.812,40.258,149.15,40.409,100.342,269.778,86.334,1998.794,1303.666,695.1280000000002
2015-10-09 00:00:00-04:00,1163.687,221.302,18.956,39.718,147.63,41.155,102.164,267.472,86.823,2002.084,1306.956,695.1280000000002
2015-10-16 00:00:00-04:00,1171.714,219.784,18.872,39.249,145.008,41.311,101.587,266.075,85.711,2003.6,1308.473,695.127
2015-10-23 00:00:00-04:00,1175.09,218.647,18.273,38.763,142.057,41.908,101.563,263.621,85.155,1999.922,1304.795,695.127
2015-10-30 00:00:00-04:00,1177.937,215.347,18.774,37.999,140.757,42.457,102.411,261.902,85.899,1997.584,1302.457,695.127
2015-11-06 00:00:00-05:00,1182.16,213.245,18.854,36.805,141.109,43.466,103.974,260.533,86.2,2000.146,1305.02,695.126
2015-11-13 00:00:00-05:00,1182.412,214.254,19.249,36.561,140.318,43.797,104.469,259.328,86.52,2000.388,1305.262,695.126
2015-11-20 00:00:00-05:00,1183.372,216.732,19.627,37.216,141.364,42.077,106.202,255.852,86.732,2002.442,1307.317,695.125
2015-11-27 00:00:00-05:00,1184.549,216.867,19.997,38.052,144.415,43.492,104.103,252.794,85.865,2004.269,1309.144,695.125
2015-12-04 00:00:00-05:00,1180.979,217.653,19.829,37.261,149.413,44.105,100.658,250.765,86.807,2000.663,1305.54,695.123
2015-12-11 00:00:00-05:00,1185.78,219.384,20.322,38.274,151.976,42.757,98.975,248.241,87.034,2005.709,1310.586,695.123
2015-12-18 00:00:00-05:00,1179.903,220.495,20.387,39.451,151.315,43.48,97.638,247.756,87.958,2000.425,1305.302,695.123
2015-12-25 00:00:00-05:00,1182.529,221.42,20.166,40.802,153.11,42.48,97.734,242.184,85.068,2000.425,1305.305,695.1199999999999
2016-01-01 00:00:00-05:00,1177.444,231.996,21.099,40.191,159.418,42.105,96.341,239.097,84.554,2007.691,1312.571,695.1200000000001
2016-01-08 00:00:00-05:00,1177.677,240.434,21.345,40.724,165.554,42.936,91.858,237.197,84.999,2017.725,1322.606,695.1189999999999
2016-01-15 00:00:00-05:00,1181.655,244.997,21.94,42.241,164.529,42.765,89.943,236.242,85.876,2024.312,1329.194,695.1179999999999
2016-01-22 00:00:00-05:00,1190.038,248.461,21.436,41.828,160.472,42.906,83.695,234.43,87.342,2023.266,1328.148,695.1180000000002
2016-01-29 00:00:00-05:00,1197.829,254.399,22.362,42.241,159.695,43.841,78.086,234.324,87.912,2032.777,1337.66,695.117
2016-02-05 00:00:00-05:00,1197.074,255.657,22.956,41.697,160.976,44.951,74.798,234.946,88.292,2033.055,1337.939,695.116
2016-02-12 00:00:00-05:00,1199.221,258.693,23.218,41.456,162.375,47.101,70.458,233.981,87.971,2036.503,1341.387,695.116
2016-02-19 00:00:00-05:00,1202.722,256.457,23.105,41.966,160.715,46.009,66.74,233.828,88.414,2031.542,1336.427,695.115
2016-02-26 00:00:00-05:00,1213.096,254.989,22.624,42.43,163.597,46.786,63.065,234.841,87.799,2041.428,1346.313,695.115
2016-03-04 00:00:00-05:00,1216.973,250.463,23.307,42.546,162.478,45.755,62.32,236.863,89.226,2040.705,1345.593,695.1119999999999
2016-03-11 00:00:00-05:00,1218.292,249.716,22.853,44.39,161.343,45.274,62.5,238.154,89.156,2042.522,1347.408,695.114
2016-03-18 00:00:00-04:00,1227.649,245.074,22.519,43.926,162.26,45.977,62.226,239.818,89.679,2049.449,1354.335,695.114
2016-03-25 00:00:00-04:00,1229.946,242.56,23.022,44.011,161.185,46.013,62.825,241.425,89.326,2050.987,1355.875,695.1120000000001
2016-04-01 00:00:00-04:00,1225.009,243.998,22.214,44.609,162.984,44.221,64.858,244.224,89.883,2052.117,1357.005,695.1120000000001
2016-04-08 00:00:00-04:00,1231.643,239.761,22.317,44.676,163.489,43.078,67.702,246.374,89.603,2059.04,1363.928,695.1119999999999
2016-04-15 00:00:00-04:00,1233.723,239.651,22.046,44.024,159.935,43.542,68.94,246.754,88.723,2058.615,1363.503,695.1119999999999
2016-04-22 00:00:00-04:00,1235.721,241.259,21.629,44.203,158.24,43.571,71.199,248.037,89.794,2063.859,1368.748,695.1109999999999
2016-04-29 00:00:00-04:00,1238.502,241.795,22.201,42.156,156.979,42.407,71.858,250.03,89.904,2065.928,1370.82,695.108
2016-05-06 00:00:00-04:00,1235.091,240.564,21.252,42.924,155.332,43.184,73.176,252.979,90.61,2064.502,1369.395,695.107
2016-05-13 00:00:00-04:00,1236.401,238.068,21.103,43.151,152.162,41.914,74.216,256.834,91.781,2063.849,1368.742,695.1070000000002
2016-05-20 00:00:00-04:00,1232.174,240.111,20.813,43.138,150.878,41.773,74.129,259.932,91.559,2062.948,1367.842,695.1059999999998
2016-05-27 00:00:00-04:00,1230.808,238.619,20.769,42.336,149.623,41.029,75.381,261.644,90.696,2060.209,1365.103,695.1059999999998
2016-06-03 00:00:00-04:00,1227.58,239.629,20.225,44.163,151.377,39.667,77.294,263.466,88.682,2063.401,1368.297,695.1039999999998
2016-06-10 00:00:00-04:00,1226.647,237.004,21.182,42.198,152.163,40.782,78.351,264.395,88.899,2062.722,1367.618,695.1040000000003
2016-06-17 00:00:00-04:00,1225.73,237.631,21.11,41.388,152.314,40.275,79.561,269.897,88.024,2067.906,1372.802,695.104
2016-06-24 00:00:00-04:00,1221.677,238.998,21.167,40.247,150.513,40.171,82.073,272.09,87.129,2066.936,1371.832,695.104
2016-07-01 00:00:00-04:00,1219.452,238.876,21.557,40.241,148.939,40.043,84.788,276.453,87.786,2070.349,1375.247,695.1020000000001
2016-07-08 00:00:00-04:00,1216.904,240.089,21.131,40.638,152.997,41.337,87.359,276.991,85.318,2077.446,1382.346,695.0999999999999
2016-07-15 00:00:00-04:00,1214.561,241.0,21.157,41.902,152.783,42.076,87.437,279.151,84.059,2080.067,1384.968,695.0989999999999
2016-07-22 00:00:00-04:00,1216.232,241.452,20.39,41.53,152.003,40.006,89.599,281.507,84.206,2082.719,1387.62,695.0990000000002
2016-07-29 00:00:00-04:00,1217.645,238.19,20.603,41.078,153.155,38.292,89.865,286.018,86.673,2084.846,1389.747,695.0989999999999
2016-08-05 00:00:00-04:00,1218.697,235.383,20.46,41.611,151.196,38.498,91.903,289.591,88.234,2087.339,1392.243,695.096
2016-08-12 00:00:00-04:00,1216.189,232.659,20.425,41.649,153.135,39.05,93.744,291.808,87.511,2088.659,1393.563,695.096
2016-08-19 00:00:00-04:00,1218.689,232.695,20.817,41.751,153.257,40.493,96.135,291.434,85.129,2095.271,1400.176,695.0950000000003
2016-08-26 00:00:00-04:00,1220.964,232.004,20.926,41.034,154.753,40.026,98.51,291.556,84.171,2099.773,1404.679,695.094
2016-09-02 00:00:00-04:00,1206.45,227.793,20.654,41.841,158.135,39.586,99.127,292.446,83.869,2086.032,1390.939,695.0930000000001
2016-09-09 00:00:00-04:00,1205.891,228.36,20.207,42.749,162.754,40.583,101.09,290.41,82.652,2092.044,1396.951,695.0929999999998
2016-09-16 00:00:00-04:00,1199.69,225.156,20.016,42.648,164.992,40.655,101.749,291.103,84.238,2086.009,1390.917,695.0920000000001
2016-09-23 00:00:00-04:00,1197.808,227.183,20.578,43.051,163.077,41.258,103.264,289.78,83.838,2085.999,1390.907,695.0919999999999
2016-09-30 00:00:00-04:00,1194.831,227.405,20.177,43.998,160.718,39.21,104.0,284.449,81.654,2074.788,1379.697,695.0910000000001
2016-10-07 00:00:00-04:00,1169.0,225.5,19.4,43.3,157.0,37.8,103.9,283.2,82.6,2039.1,1344.0,695.0999999999999
2016-10-14 00:00:00-04:00,1163.8,228.0,19.0,43.7,155.7,39.3,102.7,283.3,84.6,2035.5,1340.4,695.0999999999999
2016-10-21 00:00:00-04:00,1163.247,226.011,19.919,43.898,152.378,38.423,100.567,282.33,84.299,2026.773,1331.684,695.0889999999999
2016-10-28 00:00:00-04:00,1177.666,223.804,19.739,42.422,150.55,39.801,100.913,280.924,85.456,2035.819,1340.731,695.088
2016-11-04 00:00:00-04:00,1180.097,220.963,19.229,41.924,148.602,39.17,99.6,279.268,85.848,2028.853,1333.766,695.087
2016-11-11 00:00:00-05:00,1185.371,221.709,18.609,42.848,148.912,41.199,100.827,276.47,85.224,2035.945,1340.858,695.087
2016-11-18 00:00:00-05:00,1184.115,224.026,18.952,41.693,149.239,40.321,102.668,274.832,84.653,2035.846,1340.76,695.086
2016-11-25 00:00:00-05:00,1183.23,226.123,18.448,42.273,154.196,40.267,100.8,270.974,84.243,2036.311,1341.226,695.0849999999998
2016-12-02 00:00:00-05:00,1180.84,229.548,18.53,43.818,156.697,40.438,99.252,268.595,84.021,2037.718,1342.634,695.0840000000001
2016-12-09 00:00:00-05:00,1178.277,230.045,19.076,44.276,155.935,41.937,95.623,270.569,85.478,2035.738,1340.654,695.0840000000001
2016-12-16 00:00:00-05:00,1180.532,228.736,19.06,43.368,153.515,41.461,92.539,264.595,83.54,2023.806,1328.723,695.0830000000001
2016-12-23 00:00:00-05:00,1181.145,227.143,18.683,42.017,151.634,42.21,86.869,261.202,82.942,2010.903,1315.821,695.0820000000001
2016-12-30 00:00:00-05:00,1174.094,235.45,18.678,42.993,161.685,42.473,84.123,257.489,80.962,2016.985,1321.903,695.0819999999999
2017-01-06 00:00:00-05:00,1178.191,240.473,20.009,42.922,170.041,41.846,79.659,257.28,80.206,2030.421,1335.339,695.0820000000001
2017-01-13 00:00:00-05:00,1180.537,246.424,21.115,43.275,169.073,39.77,72.245,255.972,83.009,2028.411,1333.33,695.0810000000001
2017-01-20 00:00:00-05:00,1183.377,253.22,21.728,44.127,169.149,41.427,68.212,256.035,84.541,2037.275,1342.194,695.0810000000001
2017-01-27 00:00:00-05:00,1189.841,257.086,21.87,42.502,170.717,41.123,62.648,256.749,85.788,2042.536,1347.457,695.079
2017-02-03 00:00:00-05:00,1203.67,256.217,22.085,40.585,170.746,41.032,55.772,253.858,87.22,2043.965,1348.887,695.078
2017-02-10 00:00:00-05:00,1213.197,259.063,22.5,43.15,170.057,39.711,53.14,254.201,87.982,2055.019,1359.941,695.0779999999997
2017-02-17 00:00:00-05:00,1213.761,256.435,22.669,44.282,165.133,37.811,49.843,254.071,87.166,2044.005,1348.927,695.0780000000002
2017-02-24 00:00:00-05:00,1215.26,255.889,23.091,44.561,164.208,38.278,49.307,253.689,87.35,2044.283,1349.207,695.0759999999998
2017-03-03 00:00:00-05:00,1223.218,249.334,22.856,44.179,161.532,39.512,45.226,255.793,87.6,2041.65,1346.825,694.825
2017-03-10 00:00:00-05:00,1222.165,246.279,22.766,42.059,157.303,39.144,44.468,258.818,88.09,2033.002,1338.993,694.009
2017-03-17 00:00:00-04:00,1226.493,243.468,22.595,41.829,155.393,39.573,44.333,260.026,87.938,2033.71,1340.327,693.383
2017-03-24 00:00:00-04:00,1226.636,239.721,23.257,41.949,152.91,40.34,42.795,261.452,87.958,2029.06,1336.401,692.6589999999999
2017-03-31 00:00:00-04:00,1227.678,239.103,23.705,42.059,152.374,39.611,41.582,263.465,88.377,2029.577,1337.442,692.135
2017-04-07 00:00:00-04:00,1224.887,236.13,22.903,42.524,150.221,40.145,40.367,267.065,88.326,2024.242,1332.732,691.51
2017-04-14 00:00:00-04:00,1223.654,237.672,23.034,42.592,148.266,38.784,39.643,268.737,88.205,2022.382,1331.071,691.3110000000001
2017-04-21 00:00:00-04:00,1219.512,241.041,23.269,44.179,150.917,39.226,39.651,270.701,87.616,2028.496,1337.686,690.8100000000002
2017-04-28 00:00:00-04:00,1217.11,241.232,23.213,43.362,150.355,39.441,39.667,273.955,89.672,2028.335,1338.997,689.338
2017-05-05 00:00:00-04:00,1211.312,241.082,23.055,44.144,148.768,38.366,41.633,275.86,92.092,2024.22,1335.433,688.787
2017-05-12 00:00:00-04:00,1208.831,240.669,23.414,42.888,146.824,39.795,42.208,283.131,94.18,2027.76,1339.701,688.059
2017-05-19 00:00:00-04:00,1204.001,239.882,22.684,43.384,146.339,38.807,43.686,285.075,93.857,2023.858,1336.197,687.6610000000001
2017-05-26 00:00:00-04:00,1196.594,237.024,22.763,44.23,146.733,38.647,47.132,284.546,93.985,2017.669,1330.987,686.682
2017-06-02 00:00:00-04:00,1198.233,240.348,21.982,44.596,151.088,39.92,50.425,284.892,94.337,2031.484,1346.458,685.0259999999998
2017-06-09 00:00:00-04:00,1196.171,242.444,22.542,43.605,151.416,41.285,52.782,287.647,93.388,2037.892,1353.267,684.625
2017-06-16 00:00:00-04:00,1192.937,241.866,22.28,41.684,152.495,40.355,54.533,289.044,92.998,2035.194,1351.352,683.8419999999999
2017-06-23 00:00:00-04:00,1191.649,240.972,21.838,42.399,152.272,38.174,58.451,288.862,90.813,2034.617,1352.181,682.4359999999999
2017-06-30 00:00:00-04:00,1184.951,237.303,21.571,40.959,150.422,36.699,60.569,288.363,89.108,2020.837,1338.8,682.037
2017-07-07 00:00:00-04:00,1174.237,235.656,21.181,40.347,153.553,34.892,62.232,291.698,88.213,2013.796,1334.909,678.887
2017-07-14 00:00:00-04:00,1169.508,231.211,22.137,39.15,151.416,33.278,65.733,291.178,88.511,2003.611,1324.726,678.885
2017-07-21 00:00:00-04:00,1162.3,230.196,21.529,40.151,149.564,33.839,65.933,290.649,87.529,1994.161,1315.276,678.885
2017-07-28 00:00:00-04:00,1160.772,227.679,20.852,40.361,149.414,33.73,67.605,294.845,89.724,1995.258,1316.374,678.884
2017-08-04 00:00:00-04:00,1154.32,231.103,21.347,40.349,147.685,33.905,67.63,294.313,87.852,1990.652,1311.769,678.883
2017-08-11 00:00:00-04:00,1145.375,231.125,21.828,39.383,148.387,33.347,69.239,294.652,88.401,1983.336,1304.453,678.883
2017-08-18 00:00:00-04:00,1142.048,229.902,21.509,40.19,148.415,34.412,72.173,294.724,88.18,1983.373,1304.49,678.883
2017-08-25 00:00:00-04:00,1136.653,229.937,21.303,39.348,149.163,35.456,73.553,296.857,87.748,1982.27,1303.39,678.8799999999999
2017-09-01 00:00:00-04:00,1140.953,226.738,21.116,39.134,147.767,34.643,79.899,298.768,86.435,1989.018,1310.418,678.6000000000001
2017-09-08 00:00:00-04:00,1145.248,218.31,21.132,40.368,144.552,36.042,82.183,301.335,87.192,1989.17,1312.163,677.0070000000001
2017-09-15 00:00:00-04:00,1148.229,216.185,21.138,40.374,138.859,37.06,80.806,298.351,88.058,1981.002,1305.605,675.3969999999999
2017-09-22 00:00:00-04:00,1145.587,217.292,20.74,41.303,138.045,36.257,78.4,297.521,89.697,1975.145,1300.544,674.6009999999999
2017-09-29 00:00:00-04:00,1138.612,218.936,21.545,43.397,135.439,36.594,78.004,295.538,89.582,1968.065,1294.416,673.6490000000001
2017-10-06 00:00:00-04:00,1134.665,221.426,21.523,43.089,133.959,35.8,78.928,295.803,89.296,1965.193,1292.744,672.4490000000001
2017-10-13 00:00:00-04:00,1128.176,222.334,21.48,41.602,134.487,34.56,78.837,294.299,87.734,1955.775,1284.084,671.691
2017-10-20 00:00:00-04:00,1128.718,216.869,21.034,40.77,129.241,32.143,77.62,296.84,90.68,1943.235,1271.858,671.377
2017-10-27 00:00:00-04:00,1125.493,212.849,21.474,41.167,128.921,32.861,78.345,295.537,89.748,1936.647,1266.06,670.587
2017-11-03 00:00:00-04:00,1127.049,209.537,21.345,40.063,125.562,32.663,77.2,293.496,88.693,1926.915,1257.009,669.906
2017-11-10 00:00:00-05:00,1128.197,210.431,21.497,40.388,124.763,34.45,74.68,294.56,89.605,1928.966,1259.766,669.1999999999998
2017-11-17 00:00:00-05:00,1124.617,210.475,21.897,41.24,125.032,34.133,73.714,296.088,91.297,1927.196,1259.721,667.4749999999999
2017-11-24 00:00:00-05:00,1118.824,214.102,22.044,41.281,127.779,32.204,73.154,287.856,86.503,1917.244,1252.133,665.1109999999999
2017-12-01 00:00:00-05:00,1110.766,220.882,22.544,40.267,129.446,31.126,74.47,282.772,86.09,1912.273,1249.61,662.663
2017-12-08 00:00:00-05:00,1105.897,226.546,22.374,40.855,128.076,31.515,74.668,280.035,85.858,1909.966,1247.055,662.9109999999998
2017-12-15 00:00:00-05:00,1099.785,227.783,22.32,39.834,128.845,30.815,71.345,275.462,85.829,1896.189,1232.895,663.2940000000001
2017-12-22 00:00:00-05:00,1095.274,228.374,22.031,39.875,129.935,31.418,68.634,271.954,84.385,1887.495,1224.103,663.3919999999998
2017-12-29 00:00:00-05:00,1088.211,233.187,22.619,40.649,138.834,30.385,67.976,267.158,84.124,1889.019,1225.271,663.748
2018-01-05 00:00:00-05:00,1083.262,237.322,22.719,41.353,143.088,31.092,61.682,262.976,84.951,1883.494,1219.747,663.7469999999998
2018-01-12 00:00:00-05:00,1076.872,240.942,22.743,41.138,139.201,32.056,58.007,259.208,85.676,1870.167,1205.949,664.2179999999998
2018-01-19 00:00:00-05:00,1076.037,244.04,23.8,40.851,139.84,32.413,53.992,256.494,84.93,1867.467,1203.013,664.4540000000002
2018-01-26 00:00:00-05:00,1083.045,242.06,23.045,41.614,137.9,33.679,53.06,255.359,87.748,1869.762,1205.076,664.6859999999999
2018-02-02 00:00:00-05:00,1085.402,245.474,23.489,42.617,141.826,33.84,48.937,253.031,87.677,1874.616,1209.468,665.1479999999999
2018-02-09 00:00:00-05:00,1087.663,249.073,22.885,43.415,141.367,31.182,45.641,251.138,88.16,1872.364,1206.796,665.568
2018-02-16 00:00:00-05:00,1085.351,249.334,22.753,43.029,138.945,31.284,43.093,249.959,89.389,1863.748,1198.876,664.8720000000001
2018-02-23 00:00:00-05:00,1088.779,251.817,22.979,43.068,137.985,32.056,42.713,248.486,89.001,1867.883,1202.602,665.281
2018-03-02 00:00:00-05:00,1091.364,251.029,23.144,42.69,137.426,32.687,41.088,248.608,90.177,1868.036,1202.578,665.4580000000001
2018-03-09 00:00:00-05:00,1096.386,244.758,24.281,41.582,133.066,33.416,38.82,251.201,91.812,1863.51,1198.052,665.4580000000001
2018-03-16 00:00:00-04:00,1093.764,243.065,23.758,40.976,131.044,32.746,36.759,254.45,93.926,1856.562,1191.104,665.4579999999999
2018-03-23 00:00:00-04:00,1095.407,239.593,22.79,41.131,128.954,34.236,35.603,257.264,96.308,1854.978,1189.52,665.4580000000001
2018-03-30 00:00:00-04:00,1090.788,238.477,22.425,40.108,129.491,35.429,36.249,258.07,95.653,1851.037,1185.581,665.4560000000001
2018-04-06 00:00:00-04:00,1094.094,238.935,21.846,40.002,128.447,34.548,35.832,263.301,95.752,1857.005,1191.549,665.4560000000001
2018-04-13 00:00:00-04:00,1093.023,235.967,21.344,39.11,125.34,33.38,35.872,262.391,93.912,1846.427,1180.971,665.4559999999999
2018-04-20 00:00:00-04:00,1094.455,236.807,21.701,39.282,122.729,32.973,35.71,263.422,92.921,1847.079,1182.361,664.7179999999998
2018-04-27 00:00:00-04:00,1100.221,237.978,22.142,39.753,118.829,32.888,36.37,263.81,91.62,1851.991,1187.725,664.2660000000001
2018-05-04 00:00:00-04:00,1097.315,235.804,21.964,40.75,115.038,32.921,38.671,267.272,93.462,1849.735,1186.178,663.5569999999998
2018-05-11 00:00:00-04:00,1094.391,232.014,21.505,41.267,114.946,32.79,40.358,270.285,95.312,1847.556,1185.519,662.037
2018-05-18 00:00:00-04:00,1099.468,233.897,22.129,40.556,113.995,30.949,41.092,271.5,94.327,1853.586,1192.25,661.336
2018-05-25 00:00:00-04:00,1095.289,234.431,21.263,40.201,114.629,32.504,43.135,273.33,94.234,1854.782,1194.005,660.7769999999998
2018-06-01 00:00:00-04:00,1096.752,239.034,21.897,40.93,116.794,32.228,47.113,275.181,92.794,1869.929,1209.761,660.1680000000001
2018-06-08 00:00:00-04:00,1092.609,236.763,22.174,42.747,114.693,30.803,50.845,277.505,93.76,1868.139,1207.971,660.1679999999999
2018-06-15 00:00:00-04:00,1086.543,240.04,21.647,41.761,117.408,31.623,54.079,275.078,90.693,1868.179,1208.163,660.0160000000001
2018-06-22 00:00:00-04:00,1076.652,241.196,21.674,41.944,117.423,31.193,58.365,275.172,91.111,1863.619,1203.603,660.0159999999998
2018-06-29 00:00:00-04:00,1077.897,239.691,21.975,40.965,117.557,29.646,61.229,277.96,92.297,1866.92,1206.904,660.0160000000001
2018-07-06 00:00:00-04:00,1065.263,238.997,22.393,40.269,121.682,27.733,63.592,279.819,90.589,1859.748,1199.733,660.0150000000001
2018-07-13 00:00:00-04:00,1071.098,235.832,21.768,40.768,121.311,28.076,65.256,281.641,89.614,1865.75,1205.736,660.0139999999999
2018-07-20 00:00:00-04:00,1064.951,233.504,21.653,39.785,121.21,28.392,64.482,282.044,90.329,1856.021,1196.007,660.0139999999999
2018-07-27 00:00:00-04:00,1068.754,230.968,21.967,41.117,124.193,28.72,66.276,284.606,90.086,1866.601,1206.587,660.0140000000001
2018-08-03 00:00:00-04:00,1067.402,233.868,22.923,39.735,125.423,28.305,66.38,285.839,89.457,1869.875,1209.862,660.0129999999999
2018-08-10 00:00:00-04:00,1074.207,233.128,23.017,40.478,128.989,28.654,69.782,289.064,89.349,1887.319,1227.306,660.0129999999999
2018-08-17 00:00:00-04:00,1068.37,234.328,23.259,41.595,130.838,28.287,68.841,289.266,87.669,1884.784,1224.772,660.0120000000002
2018-08-24 00:00:00-04:00,1065.804,232.774,23.061,41.287,130.001,28.107,71.4,290.636,88.079,1883.07,1223.058,660.012
2018-08-31 00:00:00-04:00,1061.502,234.619,22.703,41.99,133.12,27.755,73.404,291.529,87.739,1886.622,1226.61,660.0120000000002
2018-09-07 00:00:00-04:00,1056.205,235.869,22.894,44.343,139.283,28.302,74.642,295.193,87.777,1896.731,1236.72,660.011
2018-09-14 00:00:00-04:00,1054.147,234.15,22.746,45.207,140.122,27.841,74.752,297.35,88.071,1896.315,1236.305,660.01
2018-09-21 00:00:00-04:00,1055.999,235.68,22.629,46.641,137.881,28.994,76.358,296.584,88.952,1900.766,1240.756,660.01
2018-09-28 00:00:00-04:00,1063.974,235.221,23.445,46.223,136.131,27.999,78.722,297.009,89.78,1908.724,1248.714,660.01
2018-10-05 00:00:00-04:00,1068.655,236.172,24.021,47.367,133.465,29.042,80.261,299.717,93.131,1918.7,1259.996,658.704
2018-10-12 00:00:00-04:00,1074.075,234.156,24.13,45.5,132.638,29.426,82.298,298.394,92.808,1920.617,1262.983,657.634
2018-10-19 00:00:00-04:00,1079.263,229.33,23.897,43.896,130.376,29.243,81.999,293.462,90.038,1911.466,1254.99,656.4759999999999
2018-10-26 00:00:00-04:00,1080.939,226.169,22.746,42.846,126.322,28.669,83.016,292.823,92.62,1903.53,1248.595,654.935
2018-11-02 00:00:00-04:00,1086.487,228.021,23.15,42.309,122.857,29.71,84.528,291.067,93.232,1908.129,1253.429,654.6999999999998
2018-11-09 00:00:00-05:00,1095.386,226.61,23.514,39.958,119.268,27.893,83.76,288.963,91.949,1905.352,1252.023,653.3290000000002
2018-11-16 00:00:00-05:00,1099.477,225.315,22.791,39.432,119.191,28.478,81.776,287.912,93.077,1904.372,1251.803,652.569
2018-11-23 00:00:00-05:00,1101.049,224.551,22.93,39.71,121.801,28.682,81.143,284.935,92.811,1904.801,1254.237,650.5639999999999
2018-11-30 00:00:00-05:00,1092.723,226.25,23.03,38.116,125.612,28.634,79.806,281.278,92.193,1895.449,1245.888,649.5610000000001
2018-12-07 00:00:00-05:00,1091.517,228.337,22.89,39.002,124.137,28.233,76.559,278.793,90.613,1889.468,1239.905,649.5630000000001
2018-12-14 00:00:00-05:00,1090.594,230.103,23.873,39.823,119.9,27.743,73.246,273.443,88.127,1878.725,1229.588,649.137
2018-12-21 00:00:00-05:00,1090.55,233.106,23.133,40.45,119.902,26.87,72.219,270.45,86.709,1876.68,1227.541,649.1390000000001
2018-12-28 00:00:00-05:00,1090.557,239.996,23.162,40.712,129.431,27.883,70.653,268.906,85.916,1891.3,1242.161,649.1389999999999
2019-01-04 00:00:00-05:00,1088.877,248.062,23.254,40.51,140.042,28.264,68.74,266.833,85.452,1904.582,1255.443,649.1390000000001
2019-01-11 00:00:00-05:00,1086.194,255.565,23.351,40.552,143.009,28.294,67.499,265.09,85.413,1909.554,1260.415,649.1390000000001
2019-01-18 00:00:00-05:00,1094.164,259.615,23.501,41.174,142.392,29.469,63.782,262.152,85.098,1916.249,1267.11,649.1390000000001
2019-01-25 00:00:00-05:00,1095.083,257.38,23.98,41.842,141.27,28.599,60.153,263.169,86.786,1911.476,1262.337,649.1390000000001
2019-02-01 00:00:00-05:00,1096.346,257.893,23.947,41.549,139.013,28.796,57.517,263.058,88.429,1908.119,1258.98,649.1389999999999
2019-02-08 00:00:00-05:00,1099.979,258.301,23.466,42.113,140.2,30.305,58.168,262.119,88.721,1914.651,1265.512,649.1390000000001
2019-02-15 00:00:00-05:00,1103.651,256.847,23.913,43.365,138.683,29.411,54.599,261.696,90.119,1912.165,1263.026,649.1389999999999
2019-02-22 00:00:00-05:00,1095.004,254.941,23.709,42.878,138.379,28.098,53.41,257.873,88.217,1894.292,1245.153,649.1389999999999
2019-03-01 00:00:00-05:00,1102.06,250.714,24.261,42.024,135.986,28.046,51.371,259.369,89.655,1893.831,1244.705,649.126
2019-03-08 00:00:00-05:00,1098.198,246.09,23.731,41.088,136.369,27.59,50.159,260.394,91.493,1883.619,1234.493,649.126
2019-03-15 00:00:00-04:00,1088.609,241.503,24.412,41.402,132.242,29.28,51.11,262.419,92.73,1870.977,1221.851,649.126
2019-03-22 00:00:00-04:00,1091.409,238.62,24.448,42.023,130.167,30.083,51.637,262.651,92.035,1871.038,1221.912,649.126
2019-03-29 00:00:00-04:00,1098.647,236.839,23.992,40.315,128.169,29.405,53.195,267.692,92.772,1878.254,1229.128,649.126
2019-04-05 00:00:00-04:00,1105.676,229.129,23.193,41.915,128.053,29.27,54.361,270.793,92.177,1882.39,1233.264,649.1260000000002
2019-04-12 00:00:00-04:00,1104.28,227.955,22.676,42.366,127.691,29.076,56.736,274.124,92.746,1884.904,1235.778,649.126
2019-04-19 00:00:00-04:00,1109.759,225.826,22.747,42.215,127.029,30.243,57.779,278.126,95.08,1893.724,1244.598,649.126
2019-04-26 00:00:00-04:00,1119.154,226.743,22.695,40.919,125.722,29.847,58.94,281.895,95.686,1905.915,1257.328,648.587
2019-05-03 00:00:00-04:00,1114.321,226.147,22.468,39.72,125.563,27.953,59.951,287.215,98.452,1903.338,1255.621,647.7169999999999
2019-05-10 00:00:00-04:00,1117.988,225.024,22.25,40.22,125.647,29.588,62.71,292.789,97.826,1916.216,1270.263,645.953
2019-05-17 00:00:00-04:00,1121.593,228.74,23.404,40.823,126.415,29.067,65.83,296.001,98.729,1931.874,1287.056,644.818
2019-05-24 00:00:00-04:00,1121.311,230.944,22.624,38.376,124.8,28.301,65.752,298.196,98.051,1930.304,1285.486,644.818
2019-05-31 00:00:00-04:00,1128.082,234.149,22.553,38.742,129.372,28.793,68.272,302.782,99.369,1952.744,1307.926,644.818
2019-06-07 00:00:00-04:00,1130.288,234.913,21.802,39.163,128.372,29.252,71.134,307.076,99.046,1962.001,1317.183,644.818
2019-06-14 00:00:00-04:00,1127.182,233.221,21.613,40.473,127.821,29.1,74.463,307.719,97.334,1961.591,1316.773,644.818
2019-06-21 00:00:00-04:00,1114.394,232.225,21.567,39.837,125.38,28.797,75.866,311.641,98.204,1949.705,1304.887,644.818
2019-07-05 00:00:00-04:00,1103.81,229.187,23.009,41.036,130.517,29.751,76.933,314.145,95.327,1948.388,1303.57,644.818
2019-07-12 00:00:00-04:00,1100.694,232.752,23.365,41.414,136.203,30.161,77.477,317.98,94.336,1960.047,1315.229,644.818
2019-07-19 00:00:00-04:00,1089.859,232.526,23.689,42.429,136.816,31.236,79.052,317.754,93.979,1953.36,1308.542,644.818
2019-07-26 00:00:00-04:00,1081.363,230.735,24.468,42.016,135.922,29.599,80.451,318.667,93.715,1943.221,1298.403,644.818
2019-08-02 00:00:00-04:00,1083.748,235.172,23.117,42.744,137.451,31.832,83.303,316.268,92.216,1953.634,1308.816,644.818
2019-08-09 00:00:00-04:00,1085.328,233.76,23.883,42.028,135.513,30.817,86.509,318.206,93.445,1956.041,1311.223,644.818
2019-08-16 00:00:00-04:00,1082.596,234.072,23.367,41.348,138.123,29.986,90.496,320.056,93.874,1960.043,1315.225,644.818
2019-08-23 00:00:00-04:00,1072.569,231.982,22.982,41.697,136.06,31.693,94.157,317.724,94.101,1948.863,1304.045,644.818
2019-08-30 00:00:00-04:00,1067.798,229.586,23.801,42.636,133.522,30.066,97.019,319.486,96.06,1943.914,1299.096,644.818
2019-09-06 00:00:00-04:00,1060.886,228.904,22.499,44.485,136.226,29.241,97.763,320.77,95.246,1940.775,1295.957,644.818
2019-09-13 00:00:00-04:00,1061.944,229.685,23.238,43.592,136.663,28.605,100.694,317.241,93.833,1941.659,1296.841,644.8180000000002
2019-09-20 00:00:00-04:00,1064.356,230.204,22.5,45.453,133.685,29.526,99.67,316.967,92.817,1942.358,1297.54,644.818
2019-09-27 00:00:00-04:00,1067.46,229.976,23.219,44.417,131.267,29.816,100.641,314.712,92.975,1941.507,1296.689,644.818
2019-10-04 00:00:00-04:00,1070.187,228.763,21.224,44.159,127.324,29.742,100.773,310.845,94.02,1933.015,1288.397,644.6180000000002
2019-10-11 00:00:00-04:00,1078.199,226.201,22.061,42.806,123.501,28.621,100.445,308.325,92.803,1930.158,1286.809,643.3489999999999
2019-10-18 00:00:00-04:00,1075.501,223.094,21.364,40.467,120.786,28.059,99.985,310.88,97.312,1920.137,1277.787,642.3499999999999
2019-10-25 00:00:00-04:00,1080.505,220.057,21.099,39.662,119.754,28.305,99.848,307.983,97.926,1917.214,1275.562,641.652
2019-11-01 00:00:00-04:00,1087.734,217.229,21.874,39.393,119.132,28.797,100.168,306.05,98.186,1920.378,1279.426,640.952
2019-11-08 00:00:00-05:00,1088.51,219.09,20.985,39.014,116.655,29.534,97.653,301.635,98.403,1913.075,1273.566,639.509
2019-11-15 00:00:00-05:00,1087.917,220.846,20.514,39.592,115.681,29.355,94.21,298.032,97.84,1906.146,1268.609,637.537
2019-11-22 00:00:00-05:00,1088.122,225.978,20.277,38.487,116.406,28.822,93.527,293.304,96.764,1904.925,1268.755,636.1699999999998
2019-11-29 00:00:00-05:00,1082.262,229.363,20.639,38.325,119.469,29.514,91.782,287.643,94.729,1898.996,1263.83,635.1660000000002
2019-12-06 00:00:00-05:00,1082.886,234.768,21.815,39.337,123.587,31.456,93.5,288.671,92.738,1916.022,1281.054,634.9679999999998
2019-12-13 00:00:00-05:00,1081.8,237.297,21.798,38.315,125.096,32.061,90.96,287.771,94.072,1915.097,1280.13,634.9669999999999
2019-12-20 00:00:00-05:00,1076.326,239.26,21.469,39.398,124.944,31.895,88.398,283.232,91.22,1904.923,1269.956,634.9670000000001
2019-12-27 00:00:00-05:00,1064.863,242.472,21.034,39.369,133.72,30.031,88.186,282.36,90.044,1902.036,1267.069,634.9670000000001
2020-01-03 00:00:00-05:00,1066.027,251.609,22.462,39.987,139.05,28.329,88.885,280.455,89.174,1916.804,1281.837,634.9670000000001
2020-01-10 00:00:00-05:00,1063.478,258.287,23.006,40.447,147.221,29.096,87.938,281.792,88.058,1931.265,1296.298,634.9670000000001
2020-01-17 00:00:00-05:00,1063.073,260.032,24.031,42.4,146.036,30.869,86.508,276.414,88.321,1929.365,1294.398,634.9670000000001
2020-01-24 00:00:00-05:00,1066.621,261.235,24.244,42.789,144.747,31.58,82.885,276.265,89.887,1930.365,1295.398,634.9670000000001
2020-01-31 00:00:00-05:00,1069.976,261.144,23.474,42.611,143.235,30.893,83.445,274.696,90.836,1929.474,1294.507,634.9669999999999
2020-02-07 00:00:00-05:00,1077.435,261.049,24.358,42.939,141.222,30.396,77.273,273.787,90.32,1928.46,1293.493,634.9670000000001
2020-02-14 00:00:00-05:00,1077.85,259.078,24.781,43.638,140.587,30.426,74.26,276.85,93.228,1927.471,1292.504,634.9670000000001
2020-02-21 00:00:00-05:00,1078.302,256.387,24.718,43.329,138.472,30.508,73.572,280.128,95.341,1925.416,1290.449,634.9669999999999
2020-02-28 00:00:00-05:00,1079.086,252.048,24.964,41.97,134.464,30.584,69.951,280.487,97.95,1913.554,1278.587,634.9670000000001
2020-03-06 00:00:00-05:00,1086.75,246.999,24.334,42.414,128.06,31.47,67.031,278.923,97.767,1905.98,1271.01,634.97
2020-03-13 00:00:00-04:00,1088.7,240.819,24.598,40.667,125.12,32.725,66.73,278.938,97.01,1898.3,1263.33,634.97
2020-03-20 00:00:00-04:00,1090.33,239.282,24.14,39.588,124.442,34.387,64.919,283.664,99.575,1900.75,1265.78,634.97
2020-03-27 00:00:00-04:00,1104.16,246.806,25.717,38.268,122.248,34.405,64.668,285.514,99.458,1921.79,1286.82,634.97
2020-04-03 00:00:00-04:00,1119.34,257.303,27.091,38.861,122.724,35.98,64.5,288.977,97.732,1954.77,1319.8,634.97
2020-04-10 00:00:00-04:00,1138.59,262.217,27.469,40.239,129.004,34.586,56.78,287.659,95.687,1976.54,1341.57,634.97
2020-04-17 00:00:00-04:00,1153.607,263.234,27.689,40.792,136.88,35.69,57.442,286.738,92.459,2002.071,1367.104,634.9669999999999
2020-04-24 00:00:00-04:00,1163.748,259.565,26.337,39.695,141.972,35.338,56.835,290.139,93.273,2013.63,1377.513,636.1170000000002
2020-05-01 00:00:00-04:00,1170.054,256.407,25.612,39.743,151.49,37.193,59.376,293.387,91.937,2033.262,1395.429,637.8329999999999
2020-05-08 00:00:00-04:00,1171.242,252.894,24.19,40.478,155.001,36.68,61.625,292.541,90.613,2034.651,1394.885,639.7660000000001
2020-05-15 00:00:00-04:00,1168.142,255.724,23.626,40.891,158.832,37.359,62.697,294.297,91.583,2041.568,1399.92,641.6479999999999
2020-05-22 00:00:00-04:00,1178.181,255.0,23.176,39.995,164.327,38.118,64.24,295.507,90.963,2058.544,1414.785,643.7589999999998
2020-05-29 00:00:00-04:00,1180.124,257.795,22.476,40.839,174.261,38.654,67.329,296.229,89.609,2077.708,1429.929,647.779
2020-06-05 00:00:00-04:00,1188.064,258.661,21.802,39.968,175.829,40.185,66.282,298.846,89.251,2089.637,1439.638,649.9990000000003
2020-06-12 00:00:00-04:00,1191.01,256.995,21.346,40.632,174.471,41.507,68.967,303.525,89.756,2098.453,1446.723,651.73
2020-06-19 00:00:00-04:00,1194.443,255.322,21.034,40.461,174.72,41.864,71.331,305.203,88.523,2104.376,1450.655,653.7210000000002
2020-06-26 00:00:00-04:00,1188.94,256.521,20.164,42.334,174.127,42.149,74.599,308.359,87.975,2107.192,1451.779,655.413
2020-07-03 00:00:00-04:00,1195.204,251.682,20.62,42.579,177.262,40.376,76.823,313.097,89.172,2117.643,1461.62,656.0230000000001
2020-07-10 00:00:00-04:00,1187.837,248.535,20.608,40.39,176.809,38.545,80.348,315.42,90.485,2108.493,1452.344,656.1489999999999
2020-07-17 00:00:00-04:00,1192.727,246.733,19.801,40.193,177.883,37.993,82.388,319.589,91.158,2117.306,1461.159,656.1469999999999
2020-07-24 00:00:00-04:00,1182.116,247.387,20.272,39.921,178.386,36.559,84.404,321.783,88.976,2110.827,1454.68,656.1470000000002
2020-07-31 00:00:00-04:00,1174.737,247.806,20.346,39.563,179.977,36.033,86.713,323.537,91.412,2108.712,1452.571,656.1410000000001
2020-08-07 00:00:00-04:00,1167.983,247.084,19.75,40.501,177.655,35.565,89.336,322.446,89.007,2100.319,1446.42,653.8989999999999
2020-08-14 00:00:00-04:00,1163.68,243.762,20.27,40.82,177.807,36.451,89.295,322.952,89.136,2095.037,1443.809,651.2279999999998
2020-08-21 00:00:00-04:00,1157.228,239.179,20.409,39.922,179.195,35.566,90.833,323.169,86.406,2085.502,1436.037,649.4649999999999
2020-08-28 00:00:00-04:00,1146.566,234.859,20.882,39.609,177.52,36.243,95.222,325.547,84.189,2076.448,1428.283,648.165
2020-09-04 00:00:00-04:00,1148.294,231.905,19.993,38.842,175.845,33.102,97.38,327.363,82.63,2072.722,1424.862,647.8600000000001
2020-09-11 00:00:00-04:00,1141.778,231.524,19.798,39.085,179.306,33.359,96.141,333.907,83.076,2074.896,1429.163,645.7330000000002
2020-09-18 00:00:00-04:00,1139.358,227.499,19.997,39.025,175.942,33.253,97.89,333.673,82.383,2066.636,1421.684,644.952
2020-09-25 00:00:00-04:00,1135.577,228.182,19.691,39.674,172.758,31.852,101.959,334.571,81.338,2064.262,1421.111,643.1510000000001
2020-10-02 00:00:00-04:00,1134.933,226.747,19.672,39.59,171.796,32.305,101.842,334.255,80.746,2061.14,1419.134,642.0059999999999
2020-10-09 00:00:00-04:00,1129.956,225.121,20.008,38.12,164.551,32.963,99.897,332.57,80.278,2043.185,1402.338,640.847
2020-10-16 00:00:00-04:00,1128.188,227.016,19.721,37.662,160.719,32.999,98.325,330.555,81.625,2035.184,1395.103,640.0809999999999
2020-10-23 00:00:00-04:00,1131.85,226.124,19.601,37.45,156.228,31.421,98.391,329.582,79.912,2030.647,1391.224,639.423
2020-10-30 00:00:00-04:00,1123.699,227.665,19.675,37.408,154.644,31.669,95.828,325.23,79.053,2015.817,1376.547,639.27
2020-11-06 00:00:00-05:00,1127.412,225.356,20.159,37.133,149.289,32.124,94.889,317.413,78.245,2003.775,1365.069,638.7060000000001
2020-11-13 00:00:00-05:00,1127.776,227.967,20.203,37.298,144.073,32.523,92.887,310.488,78.128,1993.215,1354.914,638.3009999999999
2020-11-20 00:00:00-05:00,1126.911,230.147,20.866,37.142,142.632,31.822,92.562,309.953,78.68,1992.034,1353.844,638.19
2020-11-27 00:00:00-05:00,1126.232,233.638,21.24,37.208,145.87,29.913,91.718,306.331,78.838,1992.15,1353.96,638.19
2020-12-04 00:00:00-05:00,1141.316,237.859,22.083,36.324,151.092,31.407,87.637,304.253,80.501,2011.971,1373.886,638.085
2020-12-11 00:00:00-05:00,1138.182,238.879,22.95,36.272,151.259,31.534,83.927,302.726,82.832,2005.729,1367.643,638.086
2020-12-18 00:00:00-05:00,1137.619,237.754,23.169,36.177,148.934,31.89,81.596,297.914,81.079,1995.054,1356.969,638.085
2020-12-25 00:00:00-05:00,1131.554,236.562,23.504,36.534,152.029,30.664,75.146,294.132,79.934,1980.125,1342.04,638.085
2021-01-01 00:00:00-05:00,1123.544,241.081,23.284,38.794,158.419,30.19,72.777,293.69,78.518,1981.78,1343.695,638.085
2021-01-08 00:00:00-05:00,1120.296,245.476,23.692,37.3,163.205,30.673,66.048,285.665,79.431,1972.355,1334.27,638.085
2021-01-15 00:00:00-05:00,1124.648,245.217,23.628,39.456,163.662,30.69,59.818,284.555,83.347,1971.674,1333.589,638.085
2021-01-22 00:00:00-05:00,1114.739,247.686,23.602,40.611,162.847,31.282,57.61,281.59,83.062,1959.968,1321.882,638.086
2021-01-29 00:00:00-05:00,1113.745,252.153,24.316,42.404,162.838,32.102,56.053,279.276,84.25,1962.887,1324.801,638.086
2021-02-05 00:00:00-05:00,1106.935,256.412,23.796,41.9,161.106,33.184,51.545,276.674,85.073,1951.553,1313.632,637.921
2021-02-12 00:00:00-05:00,1099.53,257.084,24.297,41.141,157.684,32.755,48.649,275.212,85.861,1936.352,1298.579,637.7730000000001
2021-02-19 00:00:00-05:00,1100.815,257.096,22.785,41.197,152.715,32.246,43.491,272.195,88.054,1922.54,1284.767,637.7729999999999
2021-02-26 00:00:00-05:00,1122.378,243.472,22.425,38.696,142.996,31.603,41.246,276.937,88.577,1919.752,1281.979,637.7729999999999
2021-03-05 00:00:00-05:00,1136.176,231.603,22.07,39.241,137.492,31.479,41.199,281.811,92.975,1921.071,1283.298,637.7729999999999
2021-03-12 00:00:00-05:00,1138.572,232.075,21.34,38.709,137.747,31.51,41.029,283.675,95.087,1924.658,1286.885,637.7729999999999
2021-03-19 00:00:00-04:00,1140.484,232.279,21.809,39.199,141.553,31.294,41.269,281.559,94.611,1929.445,1291.672,637.7729999999999
2021-03-26 00:00:00-04:00,1139.608,230.544,21.114,39.029,144.095,32.253,39.247,282.21,94.735,1928.098,1290.325,637.7729999999999
2021-04-02 00:00:00-04:00,1136.086,234.588,20.642,38.267,145.547,30.933,39.572,284.771,95.275,1930.406,1292.633,637.7729999999999
2021-04-09 00:00:00-04:00,1129.09,234.897,20.518,36.986,143.464,31.38,40.588,283.326,93.211,1920.248,1283.581,636.6670000000001
2021-04-16 00:00:00-04:00,1128.941,234.982,20.447,37.487,142.391,32.367,40.514,285.941,93.803,1923.069,1287.145,635.924
2021-04-23 00:00:00-04:00,1127.582,235.074,19.736,38.118,139.049,32.322,41.001,287.112,94.644,1919.995,1285.52,634.4749999999999
2021-04-30 00:00:00-04:00,1118.544,235.811,20.44,39.795,136.153,31.606,41.471,289.546,95.481,1913.365,1279.938,633.4269999999999
2021-05-07 00:00:00-04:00,1116.719,236.189,19.393,40.64,134.419,31.558,44.012,292.922,93.382,1915.851,1283.823,632.028
2021-05-14 00:00:00-04:00,1116.138,234.226,19.433,41.457,132.095,31.315,44.426,294.627,93.752,1913.717,1283.59,630.1270000000002
2021-05-21 00:00:00-04:00,1112.83,232.481,18.98,42.216,129.082,33.013,44.067,291.736,93.044,1904.404,1275.923,628.481
2021-05-28 00:00:00-04:00,1107.103,233.98,19.588,42.277,132.802,32.703,48.151,289.074,90.66,1905.678,1277.845,627.8330000000001
2021-06-04 00:00:00-04:00,1100.513,241.026,19.96,43.96,137.214,32.447,53.65,291.026,91.214,1919.796,1293.312,626.4840000000002
2021-06-11 00:00:00-04:00,1092.267,242.98,20.602,45.24,136.191,32.356,55.194,289.428,91.847,1914.257,1288.664,625.5930000000001
2021-06-18 00:00:00-04:00,1082.948,240.05,21.12,44.866,137.945,32.36,56.24,291.215,91.07,1906.745,1282.857,623.8879999999999
2021-06-25 00:00:00-04:00,1074.829,241.572,21.572,44.706,137.076,31.1,57.479,292.427,91.386,1900.762,1278.275,622.4869999999999
2021-07-02 00:00:00-04:00,1066.78,235.497,21.149,45.091,138.692,31.599,57.971,292.889,90.695,1889.667,1268.363,621.3039999999999
2021-07-09 00:00:00-04:00,1058.884,236.535,21.134,44.39,142.349,30.63,59.563,298.673,91.187,1892.157,1270.853,621.3039999999999
2021-07-16 00:00:00-04:00,1060.991,236.414,22.518,44.974,141.0,28.659,62.655,299.37,90.518,1896.581,1275.277,621.3039999999999
2021-07-23 00:00:00-04:00,1056.902,234.161,22.733,45.053,137.912,29.399,64.517,299.452,91.473,1890.13,1268.826,621.3040000000001
2021-07-30 00:00:00-04:00,1060.529,228.87,22.649,43.298,138.744,29.134,65.97,299.767,90.794,1888.961,1267.657,621.3040000000001
2021-08-06 00:00:00-04:00,1060.081,227.469,22.276,42.899,140.511,28.861,65.329,301.398,90.43,1888.825,1267.521,621.3040000000001
2021-08-13 00:00:00-04:00,1056.846,228.165,21.558,42.993,137.814,30.08,66.761,299.309,90.462,1883.527,1262.225,621.3020000000001
2021-08-20 00:00:00-04:00,1053.866,225.924,21.223,44.443,138.459,30.216,68.749,295.855,87.845,1878.737,1257.435,621.3020000000001
2021-08-27 00:00:00-04:00,1046.697,227.214,21.11,42.436,136.727,28.735,69.282,292.916,87.387,1865.118,1243.816,621.3019999999999
2021-09-03 00:00:00-04:00,1045.169,219.999,20.39,41.764,133.586,29.384,70.099,294.337,86.312,1854.727,1233.425,621.3020000000001
2021-09-10 00:00:00-04:00,1038.218,218.142,20.01,42.199,131.897,29.666,70.816,294.467,85.143,1845.415,1224.642,620.7729999999999
2021-09-17 00:00:00-04:00,1033.533,221.616,20.111,42.377,129.343,29.968,70.279,294.402,87.061,1841.627,1222.058,619.569
2021-09-24 00:00:00-04:00,1037.231,221.809,20.22,42.609,129.727,29.165,72.921,297.994,87.623,1851.676,1232.987,618.6889999999999
2021-10-01 00:00:00-04:00,1038.657,225.065,19.931,41.291,129.331,28.175,72.288,296.825,88.978,1851.562,1233.792,617.77
2021-10-08 00:00:00-04:00,1043.945,223.107,19.847,41.408,129.307,29.233,71.7,297.134,90.848,1855.682,1238.712,616.97
2021-10-15 00:00:00-04:00,1041.82,217.739,20.08,41.005,125.394,28.314,73.62,296.209,91.608,1844.183,1228.907,615.2760000000001
2021-10-22 00:00:00-04:00,1044.998,215.746,19.925,41.391,124.962,29.736,75.666,295.056,91.285,1847.479,1233.293,614.1860000000001
2021-10-29 00:00:00-04:00,1046.643,214.258,20.129,39.642,127.122,29.378,76.098,293.194,91.197,1846.463,1233.922,612.5409999999999
2021-11-05 00:00:00-04:00,1044.5,212.703,20.286,37.897,124.509,29.142,74.757,298.34,94.38,1842.133,1232.737,609.396
2021-11-12 00:00:00-05:00,1039.15,211.996,20.081,37.983,123.685,27.728,74.568,294.823,90.585,1830.012,1223.865,606.1469999999999
2021-11-19 00:00:00-05:00,1038.525,211.393,20.164,37.494,121.717,27.516,73.612,291.972,91.174,1822.392,1217.887,604.5050000000001
2021-11-26 00:00:00-05:00,1035.667,215.422,20.301,36.072,123.877,27.881,72.66,292.831,90.436,1824.711,1222.155,602.556
2021-12-03 00:00:00-05:00,1033.737,219.304,20.464,36.716,126.61,26.82,73.272,290.298,89.668,1827.222,1226.355,600.867
2021-12-10 00:00:00-05:00,1027.203,218.585,20.883,35.608,123.758,26.742,70.872,285.756,88.2,1809.406,1210.489,598.9169999999999
2021-12-17 00:00:00-05:00,1019.952,224.118,20.705,35.403,124.154,26.468,70.023,279.058,85.405,1799.881,1203.5,596.3810000000001
2021-12-24 00:00:00-05:00,1015.023,222.659,20.676,34.589,122.428,25.623,66.464,272.152,82.875,1779.614,1184.586,595.028
2021-12-31 00:00:00-05:00,1011.533,232.787,21.359,34.957,126.846,25.915,65.73,269.306,81.981,1788.433,1194.751,593.682
2022-01-07 00:00:00-05:00,1006.68,240.748,22.911,34.453,129.383,26.642,62.379,260.455,80.794,1783.651,1190.269,593.3820000000001
2022-01-14 00:00:00-05:00,1005.847,246.621,23.592,34.664,127.952,26.616,58.686,256.833,79.848,1780.811,1188.777,592.0339999999999
2022-01-21 00:00:00-05:00,1006.972,247.918,24.476,36.968,125.154,26.101,54.076,253.805,80.784,1775.47,1184.688,590.7819999999999
2022-01-28 00:00:00-05:00,1004.055,250.037,25.854,37.288,122.744,25.123,49.752,252.96,82.12,1767.813,1178.901,588.912
2022-02-04 00:00:00-05:00,997.902,248.393,24.799,38.361,121.814,27.024,47.838,252.234,82.002,1758.364,1170.849,587.5150000000001
2022-02-11 00:00:00-05:00,996.336,247.061,25.483,37.692,120.262,25.997,41.903,251.053,82.346,1745.787,1160.959,584.828
2022-02-18 00:00:00-05:00,998.406,246.479,25.507,37.847,119.678,26.482,38.002,249.114,83.764,1741.514,1159.13,582.3839999999998
2022-02-25 00:00:00-05:00,993.445,246.011,24.933,38.188,119.104,26.439,37.154,249.939,85.025,1735.213,1155.193,580.02
2022-03-04 00:00:00-05:00,989.058,244.606,25.271,39.163,113.874,27.54,35.53,249.553,84.888,1724.594,1147.098,577.4960000000001
2022-03-11 00:00:00-05:00,991.42,240.991,25.945,38.768,114.206,26.859,33.308,247.53,84.224,1719.027,1143.514,575.5130000000001
2022-03-18 00:00:00-04:00,984.722,238.043,26.148,36.356,112.135,26.656,33.564,250.514,86.671,1708.138,1136.815,571.3229999999999
2022-03-25 00:00:00-04:00,978.272,238.828,26.529,36.082,113.53,27.729,33.709,252.293,86.615,1706.972,1138.65,568.3219999999999
2022-04-01 00:00:00-04:00,976.951,236.787,25.903,35.384,114.301,28.803,34.375,255.911,87.794,1708.416,1143.836,564.5799999999999
2022-04-08 00:00:00-04:00,982.434,233.139,24.803,34.903,111.399,28.241,35.359,261.604,86.797,1711.881,1151.2,560.681
2022-04-15 00:00:00-04:00,969.713,232.378,24.342,35.351,108.735,27.703,36.99,263.876,86.931,1699.086,1143.106,555.98
2022-04-22 00:00:00-04:00,967.494,230.805,23.965,35.82,107.286,27.984,39.185,264.359,88.642,1696.899,1143.829,553.0699999999999
2022-04-29 00:00:00-04:00,965.712,228.575,23.887,36.178,104.942,28.23,40.81,268.087,89.025,1696.42,1146.435,549.9850000000001
2022-05-06 00:00:00-04:00,967.208,224.968,24.14,38.321,104.029,28.259,44.224,268.169,87.625,1699.318,1156.324,542.9939999999999
2022-05-13 00:00:00-04:00,958.804,220.189,23.791,38.331,105.264,29.339,44.517,271.144,87.459,1691.379,1153.395,537.9839999999999
2022-05-20 00:00:00-04:00,951.814,219.707,23.712,39.087,106.921,27.127,46.333,271.362,87.638,1686.064,1154.051,532.0130000000001
2022-05-27 00:00:00-04:00,941.325,218.996,22.961,39.589,106.392,26.913,49.572,275.515,88.195,1681.261,1154.669,526.5919999999999
2022-06-03 00:00:00-04:00,936.081,218.184,23.636,40.257,108.984,27.856,50.233,279.711,88.113,1684.943,1165.62,519.3230000000001
2022-06-10 00:00:00-04:00,930.326,217.474,23.197,40.611,109.709,28.836,51.821,280.203,87.422,1682.179,1170.567,511.6120000000001
2022-06-24 00:00:00-04:00,913.434,221.608,22.746,41.417,112.401,28.316,54.003,284.584,88.336,1678.509,1180.641,497.86799999999994
2022-07-01 00:00:00-04:00,915.828,219.112,23.49,39.931,111.135,28.442,54.911,284.945,87.996,1677.795,1185.767,492.028
2022-07-08 00:00:00-04:00,912.201,224.937,23.606,41.344,113.803,29.251,57.801,289.714,87.775,1692.658,1207.511,485.14699999999993
2022-07-15 00:00:00-04:00,906.758,228.435,23.553,39.861,112.508,29.233,59.204,289.245,86.846,1688.796,1208.647,480.1490000000001
2022-07-22 00:00:00-04:00,896.631,225.131,23.328,40.137,111.724,29.325,61.794,291.869,87.78,1679.939,1205.394,474.5450000000001
2022-07-29 00:00:00-04:00,896.408,225.294,23.394,41.631,109.324,28.188,63.614,290.922,86.222,1678.775,1208.92,469.855
2022-08-05 00:00:00-04:00,896.568,220.316,23.256,40.665,111.49,29.146,65.664,299.379,85.925,1686.484,1221.926,464.558
2022-08-12 00:00:00-04:00,886.11,215.674,23.446,40.084,112.256,27.425,68.002,300.925,85.545,1673.923,1212.767,461.1559999999999
2022-08-19 00:00:00-04:00,874.737,215.647,23.807,39.65,111.594,28.387,68.011,305.362,86.708,1667.196,1214.131,453.0649999999998
2022-08-26 00:00:00-04:00,868.344,214.475,23.533,38.567,111.706,28.011,72.231,307.071,87.037,1663.939,1213.941,449.9980000000001
2022-09-02 00:00:00-04:00,869.662,214.808,23.138,38.722,111.801,27.272,74.118,308.099,85.758,1667.619,1225.148,442.471
2022-09-09 00:00:00-04:00,863.69,213.04,22.843,39.201,116.02,28.323,77.878,303.682,84.115,1664.676,1230.619,434.057
2022-09-16 00:00:00-04:00,857.932,214.61,22.501,39.186,117.25,29.375,81.191,304.974,83.872,1667.02,1239.862,427.1579999999999
2022-09-23 00:00:00-04:00,853.142,212.188,22.691,36.75,114.359,27.795,82.828,303.8,82.529,1653.552,1230.969,422.58299999999986
2022-09-30 00:00:00-04:00,845.592,207.46,21.685,36.213,110.916,28.747,84.391,302.351,81.998,1637.354,1220.965,416.3890000000001
2022-10-07 00:00:00-04:00,847.781,209.482,21.863,36.069,106.063,29.071,85.483,301.884,84.03,1637.697,1228.998,408.69899999999984
2022-10-14 00:00:00-04:00,842.492,209.368,21.844,36.227,106.187,29.064,85.964,300.454,83.899,1631.6,1226.465,405.135
2022-10-21 00:00:00-04:00,841.663,207.89,22.291,36.057,106.357,30.017,86.817,295.438,83.5,1626.53,1224.812,401.7180000000001
2022-10-28 00:00:00-04:00,836.622,206.633,22.232,36.394,106.784,30.308,88.051,296.867,83.527,1623.891,1224.099,399.79200000000014
2022-11-04 00:00:00-04:00,836.974,205.733,22.192,36.975,106.263,30.308,87.74,293.319,84.603,1619.505,1223.286,396.2190000000001
2022-11-11 00:00:00-05:00,827.474,207.94,21.298,37.279,107.383,29.385,87.813,290.293,84.315,1608.865,1216.746,392.1189999999999
2022-11-18 00:00:00-05:00,822.183,210.998,22.829,37.43,109.101,29.721,89.029,289.316,84.296,1610.605,1220.087,390.518
2022-11-25 00:00:00-05:00,808.2,213.768,22.934,36.258,112.648,29.634,90.633,286.356,82.124,1600.432,1211.316,389.116
2022-12-02 00:00:00-05:00,800.917,219.087,23.257,37.972,118.807,28.998,89.678,285.491,82.143,1604.208,1217.189,387.019
2022-12-09 00:00:00-05:00,806.4,223.583,24.409,36.487,120.171,28.692,90.336,283.361,81.811,1613.439,1231.168,382.2710000000002
2022-12-16 00:00:00-05:00,796.858,226.113,24.067,36.498,119.929,29.401,87.415,277.955,79.313,1598.236,1219.612,378.624
2022-12-23 00:00:00-05:00,794.08,223.008,24.636,36.276,120.212,30.408,84.427,270.452,78.458,1583.499,1208.371,375.12799999999993
2022-12-30 00:00:00-05:00,793.026,222.662,24.444,34.131,118.785,30.032,80.681,273.867,83.411,1577.627,1205.247,372.3799999999999
2023-01-06 00:00:00-05:00,811.187,226.776,23.8,33.904,117.716,29.65,78.587,277.609,84.963,1599.229,1227.649,371.58000000000015
2023-01-13 00:00:00-05:00,819.594,230.259,23.402,34.356,115.777,30.602,76.619,270.998,82.339,1601.607,1230.028,371.5789999999999
2023-01-20 00:00:00-05:00,820.127,232.022,25.077,35.504,115.27,31.12,75.618,270.858,83.452,1605.596,1234.017,371.5789999999999
2023-01-27 00:00:00-05:00,824.267,234.598,24.442,35.471,117.59,31.323,73.181,266.321,83.349,1607.193,1235.614,371.5789999999999
2023-02-03 00:00:00-05:00,826.69,239.606,24.417,35.818,120.522,32.751,68.874,261.87,83.109,1610.547,1238.968,371.5789999999999
2023-02-10 00:00:00-05:00,842.973,241.922,25.339,36.532,119.237,30.814,66.297,266.642,86.802,1629.756,1258.177,371.5790000000002
2023-02-17 00:00:00-05:00,850.62,240.066,25.588,37.291,121.935,30.294,63.336,263.926,87.863,1633.058,1261.479,371.5789999999999
2023-02-24 00:00:00-05:00,851.786,239.192,24.775,37.551,122.114,30.693,60.59,263.375,88.976,1630.076,1258.497,371.5789999999999
2023-03-03 00:00:00-05:00,850.092,238.058,25.32,37.248,122.252,31.007,60.053,267.898,90.436,1631.927,1260.348,371.5789999999999
2023-03-10 00:00:00-05:00,851.642,235.997,26.394,36.711,119.715,30.845,60.97,267.726,89.291,1630.001,1258.422,371.5789999999999
2023-03-17 00:00:00-04:00,852.759,229.598,26.188,36.84,116.402,30.729,58.703,268.348,90.218,1619.566,1247.987,371.5789999999999
2023-03-24 00:00:00-04:00,845.27,226.694,25.527,38.249,116.683,30.673,56.243,269.539,89.679,1608.878,1237.299,371.5789999999999
2023-03-31 00:00:00-04:00,841.127,222.575,25.136,38.021,113.051,29.445,55.708,272.361,88.606,1597.425,1226.25,371.1749999999999
2023-04-07 00:00:00-04:00,840.124,222.245,25.128,38.977,112.445,30.81,56.177,278.326,88.373,1604.231,1234.656,369.5750000000001
2023-04-14 00:00:00-04:00,833.931,223.544,25.293,39.891,112.09,31.848,55.456,280.143,89.999,1602.195,1234.232,367.963
2023-04-21 00:00:00-04:00,827.856,221.136,24.306,40.782,111.513,32.362,58.889,283.937,92.162,1600.781,1233.839,366.942
2023-04-28 00:00:00-04:00,824.571,222.878,23.363,41.605,110.323,32.315,58.292,285.846,91.672,1599.194,1234.256,364.9379999999999
2023-05-05 00:00:00-04:00,824.598,219.711,23.291,39.886,106.153,33.134,61.404,288.577,91.149,1596.753,1234.739,362.0139999999999
2023-05-12 00:00:00-04:00,827.21,218.33,23.191,41.602,106.233,32.514,63.655,289.203,90.539,1601.938,1242.352,359.586
2023-05-19 00:00:00-04:00,813.122,216.277,22.041,42.577,105.672,32.843,66.714,290.294,89.168,1589.539,1231.585,357.95399999999995
2023-05-26 00:00:00-04:00,815.093,216.07,22.332,41.441,106.657,33.086,70.671,293.003,88.643,1598.35,1242.914,355.4359999999999
2023-06-02 00:00:00-04:00,812.774,218.815,22.948,42.332,111.731,32.713,72.342,295.624,88.25,1609.281,1255.712,353.56899999999996
2023-06-09 00:00:00-04:00,818.811,220.923,22.226,42.337,113.854,32.205,75.461,293.723,85.737,1619.541,1267.854,351.6869999999999
2023-06-16 00:00:00-04:00,813.261,221.402,22.804,40.91,114.288,31.274,76.952,298.254,86.698,1619.145,1269.177,349.9680000000001
2023-06-23 00:00:00-04:00,802.307,222.005,22.979,41.093,114.411,30.967,79.547,299.235,86.2,1612.544,1263.927,348.6170000000002
2023-06-30 00:00:00-04:00,799.341,219.456,22.26,41.358,113.366,30.901,81.119,300.52,85.158,1608.32,1261.161,347.1589999999999
2023-07-07 00:00:00-04:00,804.886,219.452,22.658,41.797,118.181,30.551,83.793,303.577,85.089,1624.895,1278.137,346.75800000000004
2023-07-14 00:00:00-04:00,804.179,218.386,23.166,42.377,118.194,29.397,84.68,303.368,85.746,1623.748,1276.989,346.759
2023-07-21 00:00:00-04:00,803.579,217.6,23.228,41.258,117.949,27.821,85.704,306.118,85.978,1623.257,1276.498,346.759
2023-07-28 00:00:00-04:00,786.53,219.081,22.86,41.081,117.153,27.508,88.623,309.982,85.943,1612.818,1266.059,346.759
2023-08-04 00:00:00-04:00,793.376,216.42,22.88,41.224,115.447,28.786,89.95,312.84,84.96,1620.924,1273.17,347.7539999999999
2023-08-11 00:00:00-04:00,788.016,216.158,23.435,41.342,115.743,26.961,90.621,311.849,85.53,1614.127,1265.773,348.35400000000004
2023-08-18 00:00:00-04:00,782.476,217.626,22.79,41.788,116.688,26.235,92.286,311.838,86.127,1611.727,1262.779,348.9480000000001
2023-08-25 00:00:00-04:00,772.486,217.412,21.609,41.065,117.923,26.911,95.465,311.418,83.09,1604.291,1254.749,349.5419999999999
2023-09-01 00:00:00-04:00,766.977,214.746,21.621,42.007,118.602,26.282,95.977,319.278,84.904,1605.491,1255.151,350.3399999999999
2023-09-08 00:00:00-04:00,771.222,220.307,21.171,41.29,122.533,27.194,99.113,313.36,84.389,1616.19,1265.56,350.6300000000001
2023-09-15 00:00:00-04:00,769.686,219.476,21.681,42.326,119.666,28.796,100.702,317.439,85.54,1619.772,1268.542,351.23
2023-09-22 00:00:00-04:00,767.267,220.503,22.048,42.985,120.064,28.724,101.433,315.006,83.722,1618.029,1267.049,350.98
2023-09-29 00:00:00-04:00,765.343,226.984,21.884,42.662,118.795,27.506,101.408,318.385,86.158,1622.967,1271.687,351.2800000000002
2023-10-06 00:00:00-04:00,775.513,225.671,21.526,42.935,116.958,27.69,101.514,317.458,86.166,1629.265,1277.991,351.2740000000001
2023-10-13 00:00:00-04:00,771.022,223.301,21.112,43.061,113.773,26.79,102.32,316.001,85.031,1617.38,1266.106,351.2740000000001
2023-10-20 00:00:00-04:00,772.394,223.457,21.398,41.769,112.087,27.35,102.431,316.003,84.316,1616.887,1265.613,351.2739999999999
2023-10-27 00:00:00-04:00,773.167,223.522,21.012,40.47,111.295,27.46,101.199,315.712,86.679,1613.836,1262.562,351.2740000000001
2023-11-10 00:00:00-05:00,790.628,215.67,20.954,36.72,106.579,26.861,99.742,317.788,89.968,1614.94,1263.666,351.2740000000001
2023-11-17 00:00:00-05:00,799.328,216.42,21.652,37.248,105.561,27.658,99.272,312.264,87.583,1619.403,1268.129,351.2740000000001
2023-11-24 00:00:00-05:00,801.251,218.184,21.379,36.631,110.778,26.018,98.738,309.645,87.534,1622.622,1271.035,351.587
2023-12-01 00:00:00-05:00,796.948,223.604,21.439,37.953,112.045,26.091,96.967,306.191,87.566,1621.239,1269.322,351.91700000000014
2023-12-08 00:00:00-05:00,792.684,224.013,22.1,36.845,113.539,26.66,95.925,299.463,88.092,1611.228,1259.317,351.91100000000006
2023-12-15 00:00:00-05:00,796.222,226.723,22.906,39.27,115.024,25.841,93.73,294.845,87.273,1614.562,1262.022,352.53999999999996
2023-12-22 00:00:00-05:00,789.901,226.054,23.517,37.693,115.765,25.969,84.684,293.987,84.333,1597.571,1244.238,353.33299999999986
2023-12-29 00:00:00-05:00,785.453,236.954,23.579,39.698,125.855,24.693,82.647,286.633,82.126,1605.513,1251.125,354.3879999999999
2024-01-05 00:00:00-05:00,787.397,244.982,24.371,39.316,132.383,25.847,79.063,282.303,81.94,1615.663,1260.669,354.9939999999999
2024-01-12 00:00:00-05:00,785.501,248.065,25.695,40.921,134.753,26.809,76.311,280.978,83.743,1619.033,1263.443,355.5899999999999
2024-01-19 00:00:00-05:00,777.188,252.977,25.815,41.862,133.336,26.267,67.912,272.27,81.088,1597.628,1241.118,356.51
2024-01-26 00:00:00-05:00,779.314,254.134,24.27,41.148,130.795,26.716,62.595,269.953,80.132,1588.923,1231.521,357.40200000000004
2024-02-02 00:00:00-05:00,785.449,250.988,24.779,40.894,127.574,27.489,60.577,267.33,80.895,1585.08,1227.063,358.0169999999998
2024-02-09 00:00:00-05:00,798.213,247.33,25.81,40.961,125.659,27.687,56.9,268.452,82.152,1591.013,1232.25,358.7629999999999
2024-02-16 00:00:00-05:00,802.475,247.037,25.502,41.104,121.651,29.122,54.613,269.497,85.152,1591.0,1231.489,359.51099999999997
2024-02-23 00:00:00-05:00,807.417,244.205,26.022,40.031,121.141,29.455,51.181,269.132,87.591,1588.585,1228.331,360.25400000000013
2024-03-01 00:00:00-05:00,809.49,239.745,26.051,40.09,117.01,29.576,51.177,270.644,89.434,1583.783,1222.823,360.9599999999998
2024-03-08 00:00:00-05:00,808.55,234.083,25.782,40.563,117.898,29.008,51.855,271.913,91.135,1579.652,1218.096,361.556
2024-03-15 00:00:00-04:00,807.348,230.773,26.009,40.447,118.522,29.742,52.207,269.205,88.736,1574.253,1211.947,362.306
2024-03-22 00:00:00-04:00,811.257,232.072,26.092,41.192,117.337,30.341,52.164,269.867,89.801,1580.322,1217.272,363.0499999999999
2024-03-29 00:00:00-04:00,815.058,227.816,26.416,40.855,116.069,29.746,51.81,270.962,89.246,1578.731,1215.09,363.6410000000001
2024-04-05 00:00:00-04:00,821.494,228.531,26.208,41.189,117.728,29.36,51.705,275.521,89.752,1591.735,1227.499,364.2359999999999
2024-04-12 00:00:00-04:00,824.877,227.377,26.08,42.227,114.968,28.147,55.694,283.035,92.891,1602.406,1237.522,364.884
2024-04-19 00:00:00-04:00,819.302,226.743,25.733,40.966,116.582,28.475,56.675,284.954,90.795,1599.431,1233.754,365.67700000000013
